millis,id,hexString,length,parsedValue
1657041752578,0x561,0000000000000000,2,"[0.0, 0.0]"
1657041752578,0x5D0,000000000000FFFF,2,"[0.0, 0.065535]"
1657041752579,0x571,0000000000000000,2,"[0.0, 0.0]"
1657041752579,0x581,00080819FFFB0868,4,"[0.28125, 7.442698759191176, -0.17578125, 7.726332720588235]"
1657041752579,0x591,000000000000A384,1,[41.86]
1657041752579,0x5A1,0000000000000000,3,"[0, 0, 0]"
1657041752579,0x5B1,1C3107300000E51E,4,"[1.1067498286117001, 1840, 0.0, 0.4047892418235527]"
1657041752579,0x5C1,0000000000000000,1,[0.0]
1657041752579,0x5D1,000000000000FFFF,2,"[0.0, 0.065535]"
1657041752579,0x041,0000000000000003,1,[3]
1657041752579,0x232,00000000FFFFFFE4,1,[-0.28]
1657041752579,0x410,069F35EFFFCFFD78,2,"[1110.9732700000002, -87.39933333403253]"
1657041752579,0x088,000000000000000B,1,[0.11]
1657041752579,0x251,0000000000000000,3,"[0, [0, 0, 0, 0, 0, 0, 0, 0], 0.0]"
1657041752580,0x201,0000000000000000,2,"[0.0, 0.0]"
1657041752580,0x471,000000000000000C,1,[12]
1657041752580,0x23F,0000000004A305E5,2,"[11.870000000000001, 15.09]"
1657041752580,0x035,000000000000000A,1,[10]
1657041752580,0x034,0000000000000020,1,"[[0, 0, 0, 0, 0, 0, 0, 0, 0, 0, 0, 0, 0, 0, 0, 0, 0, 0, 0, 0, 0, 0, 0, 0, 0, 0, 0, 0, 0, 1, 0, 0]]"
1657041752580,0x033,0000000000000000,1,"[[0, 0, 0, 0, 0, 0, 0, 0, 0, 0, 0, 0, 0, 0, 0, 0, 0, 0, 0, 0, 0, 0, 0, 0, 0, 0, 0, 0, 0, 0, 0, 0]]"
1657041752580,0x23C,0C9C0CA60D7C0C9F,4,"[32.28, 32.38, 34.52, 32.31]"
1657041752580,0x23D,0D470C600CA70CA9,4,"[33.99, 31.68, 32.39, 32.410000000000004]"
1657041752580,0x23E,0C7B0C5507A40A6C,4,"[31.95, 31.57, 19.56, 26.68]"
1657041752580,0x2F1,00000F630F660F78,3,"[39.39, 39.42, 39.6]"
1657041752580,0x233,00000D940F0C0902,3,"[34.76, 38.52, 23.06]"
1657041752580,0x235,9D029CD79CD99CAA,4,"[4.0194, 4.0151, 4.0153, 4.0106]"
1657041752581,0x236,9C0E9C8C9C7D9C84,4,"[3.995, 4.0076, 4.0061, 4.0068]"
1657041752581,0x237,9D129CD59CDD9CC1,4,"[4.021, 4.0149, 4.0157, 4.0129]"
1657041752645,0x238,9C579CD99CBB9D0D,4,"[4.0023, 4.0153, 4.0123, 4.0205]"
1657041752645,0x239,9D149CF59CD99C32,4,"[4.0212, 4.0181000000000004, 4.0153, 3.9986]"
1657041752645,0x23A,9CF69CDE9CC09CFB,4,"[4.0182, 4.0158000000000005, 4.0128, 4.0187]"
1657041752645,0x23B,9CDC9CD89CBC9CF5,4,"[4.0156, 4.0152, 4.0124, 4.0181000000000004]"
1657041752645,0x230,000000000011257C,1,[112.3708]
1657041752645,0x234,00009CC49D149C0E,3,"[4.0132, 4.0212, 3.995]"
1657041752645,0x240,0000000000000E02,2,"[14, [0, 1, 0, 0, 0, 0, 0, 0]]"
1657041752645,0x300,0000000000000000,1,"[[0, 0, 0, 0, 0, 0, 0, 0, 0, 0, 0, 0, 0, 0, 0, 0]]"
1657041752646,0x041,0000000000000003,1,[3]
1657041752646,0x201,0000000000000000,2,"[0.0, 0.0]"
1657041752646,0x250,0000000000000000,2,"[0, 0]"
1657041752646,0x082,000000000000000F,1,[15]
1657041752646,0x462,0000000000001000,2,"[16, [0, 0, 0, 0, 0, 0, 0, 0]]"
1657041752646,0x471,000000000000000C,1,[12]
1657041752646,0x260,0000000000000000,1,[0]
1657041752646,0x072,0000000000000004,1,[4]
1657041752646,0x074,0000000000000000,3,"[0.0, 0.0, 0.0]"
1657041752646,0x301,0000000000000000,3,"[0, 0, 0]"
1657041752646,0x232,00000000FFFFFFD5,1,[-0.43]
1657041752646,0x410,069F35C5FFB64538,2,"[1110.97285, -134.22066666774043]"
1657041752647,0x088,000000000000000B,1,[0.11]
1657041752647,0x401,0000000000000000,1,"[[0, 0, 0, 0, 0, 0, 0, 0, 0, 0, 0, 0, 0, 0, 0, 0, 0, 0, 0, 0, 0, 0, 0, 0, 0, 0, 0, 0, 0, 0, 0, 0]]"
1657041752647,0x251,0000000000000000,3,"[0, [0, 0, 0, 0, 0, 0, 0, 0], 0.0]"
1657041752647,0x201,0000000000000000,2,"[0.0, 0.0]"
1657041752647,0x471,000000000000000C,1,[12]
1657041752647,0x041,0000000000000003,1,[3]
1657041752647,0x262,0000000000000001,1,"[[1, 0, 0, 0, 0, 0, 0, 0]]"
1657041752647,0x250,0000000000000000,2,"[0, 0]"
1657041752647,0x462,0000000000001000,2,"[16, [0, 0, 0, 0, 0, 0, 0, 0]]"
1657041752647,0x260,0000000000000000,1,[0]
1657041752647,0x471,000000000000000C,1,[12]
1657041752647,0x700,00000E6D00004003,2,"[3693, 16387]"
1657041752676,0x701,0000000000000000,5,"[[0, 0, 0, 0, 0, 0, 0, 0, 0, 0, 0, 0, 0, 0, 0, 0], [0, 0, 0, 0, 0, 0, 0, 0, 0, 0, 0, 0, 0, 0, 0, 0], 0, 0, 0]"
1657041752676,0x702,0000000042E08BB0,2,"[0.0, 112.2728271484375]"
1657041752676,0x703,0000000000000000,2,"[0.0, 0.0]"
1657041752676,0x704,0000000000000000,2,"[0.0, 0.0]"
1657041752676,0x705,BD2586FF3D2CF940,2,"[-0.040411945432424545, 0.04222989082336426]"
1657041752676,0x706,0000000000000000,2,"[0.0, 0.0]"
1657041752676,0x707,0000000000000000,2,"[0.0, 0.0]"
1657041752677,0x708,4169822300000000,2,"[14.594271659851074, 0.0]"
1657041752677,0x709,404FE5E43FE88195,2,"[3.248406410217285, 1.816454529762268]"
1657041752677,0x70B,422E5D2841C41D84,2,"[43.590972900390625, 24.51441192626953]"
1657041752677,0x70C,00000000424AE2C8,2,"[0.0, 50.721466064453125]"
1657041752677,0x041,0000000000000003,1,[3]
1657041752677,0x70D,0000000044B705F3,2,"[0.0, 1464.1859130859375]"
1657041752677,0x70E,000000003D126785,2,"[0.0, 0.03574325516819954]"
1657041752677,0x717,0000000042C7FFFF,2,"[0.0, 99.99999237060547]"
1657041752677,0x400,0000000000000000,1,"[[0, 0, 0, 0, 0, 0, 0, 0]]"
1657041752677,0x251,0000000000000000,3,"[0, [0, 0, 0, 0, 0, 0, 0, 0], 0.0]"
1657041752677,0x201,0000000000000000,2,"[0.0, 0.0]"
1657041752677,0x471,000000000000000C,1,[12]
1657041752678,0x232,00000000FFFFFFE2,1,[-0.3]
1657041752678,0x410,069F3599FFCC8F8C,2,"[1110.97241, -93.64233333408247]"
1657041752678,0x088,000000000000000B,1,[0.11]
1657041752678,0x703,0000000000000000,2,"[0.0, 0.0]"
1657041752678,0x2F0,0053000000000000,4,"[83, 0, 0, 0]"
1657041752678,0x23F,0000000004A505EA,2,"[11.89, 15.14]"
1657041752678,0x035,000000000000000A,1,[10]
1657041752678,0x034,0000000000000020,1,"[[0, 0, 0, 0, 0, 0, 0, 0, 0, 0, 0, 0, 0, 0, 0, 0, 0, 0, 0, 0, 0, 0, 0, 0, 0, 0, 0, 0, 0, 1, 0, 0]]"
1657041752678,0x033,0000000000000000,1,"[[0, 0, 0, 0, 0, 0, 0, 0, 0, 0, 0, 0, 0, 0, 0, 0, 0, 0, 0, 0, 0, 0, 0, 0, 0, 0, 0, 0, 0, 0, 0, 0]]"
1657041752678,0x23C,0C9D0CA60D7C0C9F,4,"[32.29, 32.38, 34.52, 32.31]"
1657041752678,0x23D,0D470C600CA70CA8,4,"[33.99, 31.68, 32.39, 32.4]"
1657041752678,0x23E,0C7B0C5507A40A6B,4,"[31.95, 31.57, 19.56, 26.67]"
1657041752679,0x2F1,00000F620F6D0F6F,3,"[39.38, 39.49, 39.51]"
1657041752700,0x233,00000D940F0C0902,3,"[34.76, 38.52, 23.06]"
1657041752700,0x235,9D029CD89CD79CA9,4,"[4.0194, 4.0152, 4.0151, 4.0105]"
1657041752701,0x236,9C029C8B9C809C85,4,"[3.9938000000000002, 4.0075, 4.0064, 4.0069]"
1657041752701,0x237,9D0E9CD79CD99CBD,4,"[4.0206, 4.0151, 4.0153, 4.0125]"
1657041752701,0x238,9C529CD89CBE9D0A,4,"[4.0018, 4.0152, 4.0126, 4.0202]"
1657041752701,0x239,9D139CF59CDC9C32,4,"[4.021100000000001, 4.0181000000000004, 4.0156, 3.9986]"
1657041752701,0x23A,9CF69CDF9CC29CF9,4,"[4.0182, 4.0159, 4.013, 4.0185]"
1657041752701,0x23B,9CDD9CD79CBB9CF4,4,"[4.0157, 4.0151, 4.0123, 4.018]"
1657041752701,0x230,0000000000112562,1,[112.3682]
1657041752701,0x234,00009CC39D139C02,3,"[4.0131000000000006, 4.021100000000001, 3.9938000000000002]"
1657041752701,0x300,0000000000000000,1,"[[0, 0, 0, 0, 0, 0, 0, 0, 0, 0, 0, 0, 0, 0, 0, 0]]"
1657041752701,0x250,0000000000000000,2,"[0, 0]"
1657041752701,0x462,0000000000001000,2,"[16, [0, 0, 0, 0, 0, 0, 0, 0]]"
1657041752701,0x260,0000000000000000,1,[0]
1657041752701,0x471,000000000000000C,1,[12]
1657041752702,0x703,0000000000000000,2,"[0.0, 0.0]"
1657041752702,0x440,02030000000006A2,5,"[76.80000000000001, 0.0, 0, 6, 162]"
1657041752702,0x240,0000000000000E02,2,"[14, [0, 1, 0, 0, 0, 0, 0, 0]]"
1657041752702,0x041,0000000000000003,1,[3]
1657041752702,0x201,0000000000000000,2,"[0.0, 0.0]"
1657041752702,0x082,000000000000000F,1,[15]
1657041752702,0x703,0000000000000000,2,"[0.0, 0.0]"
1657041752702,0x251,0000000000000000,3,"[0, [0, 0, 0, 0, 0, 0, 0, 0], 0.0]"
1657041752702,0x201,0000000000000000,2,"[0.0, 0.0]"
1657041752702,0x471,000000000000000C,1,[12]
1657041752702,0x232,00000000FFFFFFE1,1,[-0.31]
1657041752702,0x410,069F3574FFCAD8EA,2,"[1110.97204, -96.76150000077409]"
1657041752703,0x088,000000000000000B,1,[0.11]
1657041752703,0x075,0000000000000A00,2,"[1.0, 0.0]"
1657041752703,0x703,0000000000000000,2,"[0.0, 0.0]"
1657041752703,0x301,0000000000000000,3,"[0, 0, 0]"
1657041752703,0x041,0000000000000003,1,[3]
1657041752725,0x262,0000000000000001,1,"[[1, 0, 0, 0, 0, 0, 0, 0]]"
1657041752725,0x250,0000000000000000,2,"[0, 0]"
1657041752725,0x462,0000000000001000,2,"[16, [0, 0, 0, 0, 0, 0, 0, 0]]"
1657041752725,0x260,0000000000000000,1,[0]
1657041752725,0x471,000000000000000C,1,[12]
1657041752725,0x701,0000000000000000,5,"[[0, 0, 0, 0, 0, 0, 0, 0, 0, 0, 0, 0, 0, 0, 0, 0], [0, 0, 0, 0, 0, 0, 0, 0, 0, 0, 0, 0, 0, 0, 0, 0], 0, 0, 0]"
1657041752725,0x702,0000000042E0897D,2,"[0.0, 112.2685317993164]"
1657041752725,0x703,0000000000000000,2,"[0.0, 0.0]"
1657041752725,0x704,0000000000000000,2,"[0.0, 0.0]"
1657041752725,0x705,BDAECDFFBDC92BFF,2,"[-0.08535384386777878, -0.09822844713926315]"
1657041752725,0x706,0000000000000000,2,"[0.0, 0.0]"
1657041752726,0x707,0000000000000000,2,"[0.0, 0.0]"
1657041752726,0x717,0000000042C7FFFF,2,"[0.0, 99.99999237060547]"
1657041752726,0x251,0000000000000000,3,"[0, [0, 0, 0, 0, 0, 0, 0, 0], 0.0]"
1657041752726,0x201,0000000000000000,2,"[0.0, 0.0]"
1657041752726,0x471,000000000000000C,1,[12]
1657041752726,0x041,0000000000000003,1,[3]
1657041752726,0x703,0000000000000000,2,"[0.0, 0.0]"
1657041752726,0x232,00000000FFFFFFE1,1,[-0.31]
1657041752726,0x410,069F354EFFCAD8EA,2,"[1110.9716600000002, -96.76150000077409]"
1657041752726,0x088,000000000000000B,1,[0.11]
1657041752726,0x23F,0000000004A305E8,2,"[11.870000000000001, 15.120000000000001]"
1657041752726,0x035,000000000000000A,1,[10]
1657041752727,0x034,0000000000000020,1,"[[0, 0, 0, 0, 0, 0, 0, 0, 0, 0, 0, 0, 0, 0, 0, 0, 0, 0, 0, 0, 0, 0, 0, 0, 0, 0, 0, 0, 0, 1, 0, 0]]"
1657041752727,0x033,0000000000000000,1,"[[0, 0, 0, 0, 0, 0, 0, 0, 0, 0, 0, 0, 0, 0, 0, 0, 0, 0, 0, 0, 0, 0, 0, 0, 0, 0, 0, 0, 0, 0, 0, 0]]"
1657041752727,0x0B0,00000000000B18D5,1,[0.7272529999999999]
1657041752733,0x23C,0C9C0CA50D7B0C9E,4,"[32.28, 32.37, 34.51, 32.3]"
1657041752734,0x23D,0D470C5F0CA60CA8,4,"[33.99, 31.67, 32.38, 32.4]"
1657041752734,0x23E,0C7B0C5507A40A6A,4,"[31.95, 31.57, 19.56, 26.66]"
1657041752734,0x2F1,00000F580F670F70,3,"[39.28, 39.43, 39.52]"
1657041752734,0x233,00000D940F0B0902,3,"[34.76, 38.51, 23.06]"
1657041752739,0x235,9CFF9CD39CD59CA7,4,"[4.0191, 4.0147, 4.0149, 4.0103]"
1657041752761,0x236,9BFE9C8C9C7D9C83,4,"[3.9934000000000003, 4.0076, 4.0061, 4.0067]"
1657041752761,0x237,9D149CD59CDF9CC1,4,"[4.0212, 4.0149, 4.0159, 4.0129]"
1657041752761,0x238,9C559CD89CBD9D08,4,"[4.0021, 4.0152, 4.0125, 4.0200000000000005]"
1657041752761,0x239,9D129CF69CDA9C33,4,"[4.021, 4.0182, 4.0154000000000005, 3.9987000000000004]"
1657041752762,0x23A,9CF59CDD9CC19CFA,4,"[4.0181000000000004, 4.0157, 4.0129, 4.0186]"
1657041752762,0x23B,9CDC9CD69CBA9CF2,4,"[4.0156, 4.015000000000001, 4.0122, 4.0178]"
1657041752762,0x230,0000000000112553,1,[112.36670000000001]
1657041752762,0x234,00009CC29D149BFE,3,"[4.013, 4.0212, 3.9934000000000003]"
1657041752762,0x050,00000000000F42BE,1,[1.0001259999999998]
1657041752762,0x400,0000000000000000,1,"[[0, 0, 0, 0, 0, 0, 0, 0]]"
1657041752762,0x300,0000000000000000,1,"[[0, 0, 0, 0, 0, 0, 0, 0, 0, 0, 0, 0, 0, 0, 0, 0]]"
1657041752762,0x250,0000000000000000,2,"[0, 0]"
1657041752762,0x462,0000000000001000,2,"[16, [0, 0, 0, 0, 0, 0, 0, 0]]"
1657041752762,0x260,0000000000000000,1,[0]
1657041752762,0x471,000000000000000C,1,[12]
1657041752762,0x060,00000000000B4C41,1,[0.740417]
1657041752762,0x560,0000000000000000,2,"[0.0, 0.0]"
1657041752763,0x570,0000000000000000,2,"[0.0, 0.0]"
1657041752763,0x580,0000008EFFFC009E,4,"[0.0, 0.5098230698529411, -0.140625, 0.5672679227941176]"
1657041752763,0x590,000000000000A172,1,[41.33]
1657041752763,0x5A0,0000000000000000,3,"[0, 0, 0]"
1657041752763,0x703,0000000000000000,2,"[0.0, 0.0]"
1657041752763,0x5B0,1BD100750000E46E,4,"[1.0920279242821, 117, 0.0, 0.4035746118484283]"
1657041752763,0x061,00000000000B4C58,1,[0.74044]
1657041752763,0x5C0,00000000000B4C41,1,[0.740417]
1657041752763,0x561,0000000000000000,2,"[0.0, 0.0]"
1657041752763,0x5D0,000025DC000002C5,2,"[0.009692, 0.000709]"
1657041752763,0x571,0000000000000000,2,"[0.0, 0.0]"
1657041752764,0x581,00070818FFF80868,4,"[0.24609375, 7.439108455882352, -0.28125, 7.726332720588235]"
1657041752764,0x591,000000000000A366,1,[41.83]
1657041752764,0x5A1,0000000000000000,3,"[0, 0, 0]"
1657041752764,0x5B1,19B107300000E59E,4,"[1.0086037997477, 1840, 0.0, 0.4056726090781886]"
1657041752786,0x5C1,00000000000B4C58,1,[0.74044]
1657041752786,0x5D1,00002596000002C5,2,"[0.009622, 0.000709]"
1657041752786,0x0A0,000000000016E9AD,1,[1.5016129999999999]
1657041752786,0x440,02030300000006B6,5,"[77.10000000000001, 0.0, 0, 6, 182]"
1657041752786,0x240,0000000000000E02,2,"[14, [0, 1, 0, 0, 0, 0, 0, 0]]"
1657041752786,0x041,0000000000000003,1,[3]
1657041752786,0x201,0000000000000000,2,"[0.0, 0.0]"
1657041752786,0x082,000000000000000F,1,[15]
1657041752791,0x703,0000000000000000,2,"[0.0, 0.0]"
1657041752797,0x251,0000000000000000,3,"[0, [0, 0, 0, 0, 0, 0, 0, 0], 0.0]"
1657041752797,0x201,0000000000000000,2,"[0.0, 0.0]"
1657041752798,0x471,000000000000000C,1,[12]
1657041752828,0x088,000000000000000B,1,[0.11]
1657041752829,0x232,00000000FFFFFFE1,1,[-0.31]
1657041752829,0x410,069F3528FFCAD919,2,"[1110.97128, -96.76019444521853]"
1657041752831,0x703,0000000000000000,2,"[0.0, 0.0]"
1657041752844,0x041,0000000000000003,1,[3]
1657041752847,0x262,0000000000000001,1,"[[1, 0, 0, 0, 0, 0, 0, 0]]"
1657041752847,0x250,0000000000000000,2,"[0, 0]"
1657041752847,0x462,0000000000001000,2,"[16, [0, 0, 0, 0, 0, 0, 0, 0]]"
1657041752848,0x260,0000000000000000,1,[0]
1657041752848,0x471,000000000000000C,1,[12]
1657041752869,0x701,0000000000000000,5,"[[0, 0, 0, 0, 0, 0, 0, 0, 0, 0, 0, 0, 0, 0, 0, 0], [0, 0, 0, 0, 0, 0, 0, 0, 0, 0, 0, 0, 0, 0, 0, 0], 0, 0, 0]"
1657041752870,0x702,0000000042E08530,2,"[0.0, 112.2601318359375]"
1657041752871,0x703,0000000000000000,2,"[0.0, 0.0]"
1657041752872,0x704,0000000000000000,2,"[0.0, 0.0]"
1657041752873,0x705,BDA3353FBDF8E6BF,2,"[-0.07969140261411667, -0.12153386324644089]"
1657041752874,0x706,0000000000000000,2,"[0.0, 0.0]"
1657041752875,0x707,0000000000000000,2,"[0.0, 0.0]"
1657041752881,0x070,000000000016E37C,1,[1.500028]
1657041752881,0x301,0000000000000000,3,"[0, 0, 0]"
1657041752882,0x717,0000000042C7FFFF,2,"[0.0, 99.99999237060547]"
1657041752904,0x251,0000000000000000,3,"[0, [0, 0, 0, 0, 0, 0, 0, 0], 0.0]"
1657041752904,0x201,0000000000000000,2,"[0.0, 0.0]"
1657041752904,0x471,000000000000000C,1,[12]
1657041752911,0x041,0000000000000003,1,[3]
1657041752911,0x703,0000000000000000,2,"[0.0, 0.0]"
1657041752926,0x23F,0000000004A505E9,2,"[11.89, 15.13]"
1657041752926,0x035,000000000000000A,1,[10]
1657041752926,0x034,0000000000000020,1,"[[0, 0, 0, 0, 0, 0, 0, 0, 0, 0, 0, 0, 0, 0, 0, 0, 0, 0, 0, 0, 0, 0, 0, 0, 0, 0, 0, 0, 0, 1, 0, 0]]"
1657041752927,0x033,0000000000000000,1,"[[0, 0, 0, 0, 0, 0, 0, 0, 0, 0, 0, 0, 0, 0, 0, 0, 0, 0, 0, 0, 0, 0, 0, 0, 0, 0, 0, 0, 0, 0, 0, 0]]"
1657041752933,0x23C,0C9B0CA50D7C0C9E,4,"[32.27, 32.37, 34.52, 32.3]"
1657041752934,0x23D,0D470C600CA70CA8,4,"[33.99, 31.68, 32.39, 32.4]"
1657041752934,0x23E,0C7B0C5507A40A6B,4,"[31.95, 31.57, 19.56, 26.67]"
1657041752934,0x2F1,00000F690F660F70,3,"[39.45, 39.42, 39.52]"
1657041752934,0x233,00000D940F0C0902,3,"[34.76, 38.52, 23.06]"
1657041752936,0x088,000000000000000B,1,[0.11]
1657041752939,0x235,9D029CD39CD69CA7,4,"[4.0194, 4.0147, 4.015000000000001, 4.0103]"
1657041752939,0x236,9BFF9C8D9C7F9C83,4,"[3.9935, 4.0077, 4.0063, 4.0067]"
1657041752939,0x237,9D129CD19CD99CBC,4,"[4.021, 4.0145, 4.0153, 4.0124]"
1657041752940,0x238,9C4E9CD99CB99D09,4,"[4.0014, 4.0153, 4.0121, 4.0201]"
1657041752940,0x239,9D109CF59CD89C30,4,"[4.0208, 4.0181000000000004, 4.0152, 3.9984]"
1657041752940,0x23A,9CF59CDC9CC29CF9,4,"[4.0181000000000004, 4.0156, 4.013, 4.0185]"
1657041752940,0x23B,9CDD9CD69CB89CF2,4,"[4.0157, 4.015000000000001, 4.0120000000000005, 4.0178]"
1657041752940,0x230,0000000000112537,1,[112.3639]
1657041752941,0x234,00009CC19D129BFF,3,"[4.0129, 4.021, 3.9935]"
1657041752941,0x232,00000000FFFFFFE1,1,[-0.31]
1657041752941,0x410,069F3502FFCAD970,2,"[1110.9709, -96.75777777855184]"
1657041752946,0x300,0000000000000000,1,"[[0, 0, 0, 0, 0, 0, 0, 0, 0, 0, 0, 0, 0, 0, 0, 0]]"
1657041752947,0x250,0000000000000000,2,"[0, 0]"
1657041752947,0x462,0000000000001000,2,"[16, [0, 0, 0, 0, 0, 0, 0, 0]]"
1657041752948,0x260,0000000000000000,1,[0]
1657041752948,0x471,000000000000000C,1,[12]
1657041752951,0x703,0000000000000000,2,"[0.0, 0.0]"
1657041752976,0x440,02030000000006D4,5,"[76.80000000000001, 0.0, 0, 6, 212]"
1657041752976,0x240,0000000000000E02,2,"[14, [0, 1, 0, 0, 0, 0, 0, 0]]"
1657041752976,0x201,0000000000000000,2,"[0.0, 0.0]"
1657041752976,0x082,000000000000000F,1,[15]
1657041752977,0x041,0000000000000003,1,[3]
1657041752991,0x703,0000000000000000,2,"[0.0, 0.0]"
1657041752996,0x400,0000000000000000,1,"[[0, 0, 0, 0, 0, 0, 0, 0]]"
1657041752997,0x251,0000000000000000,3,"[0, [0, 0, 0, 0, 0, 0, 0, 0], 0.0]"
1657041752997,0x201,0000000000000000,2,"[0.0, 0.0]"
1657041752998,0x471,000000000000000C,1,[12]
1657041753000,0x0B3,000000000F5C2D96,2,"[3932, 11670]"
1657041753001,0x4B0,0000000000000001,1,"[[1, 0, 0, 0, 0, 0, 0, 0]]"
1657041753014,0x030,00000000001A8EA5,1,[1.740453]
1657041753031,0x703,0000000000000000,2,"[0.0, 0.0]"
1657041753044,0x088,000000000000000B,1,[0.11]
1657041753044,0x041,0000000000000003,1,[3]
1657041753046,0x401,0000000000000000,1,"[[0, 0, 0, 0, 0, 0, 0, 0, 0, 0, 0, 0, 0, 0, 0, 0, 0, 0, 0, 0, 0, 0, 0, 0, 0, 0, 0, 0, 0, 0, 0, 0]]"
1657041753047,0x262,0000000000000001,1,"[[1, 0, 0, 0, 0, 0, 0, 0]]"
1657041753047,0x250,0000000000000000,2,"[0, 0]"
1657041753047,0x232,00000000FFFFFFE1,1,[-0.31]
1657041753047,0x462,0000000000001000,2,"[16, [0, 0, 0, 0, 0, 0, 0, 0]]"
1657041753048,0x410,069F34DCFFCAD970,2,"[1110.97052, -96.75777777855184]"
1657041753048,0x260,0000000000000000,1,[0]
1657041753048,0x471,000000000000000C,1,[12]
1657041753069,0x701,0000000000000000,5,"[[0, 0, 0, 0, 0, 0, 0, 0, 0, 0, 0, 0, 0, 0, 0, 0], [0, 0, 0, 0, 0, 0, 0, 0, 0, 0, 0, 0, 0, 0, 0, 0], 0, 0, 0]"
1657041753070,0x702,0000000042E08649,2,"[0.0, 112.26227569580078]"
1657041753071,0x703,0000000000000000,2,"[0.0, 0.0]"
1657041753072,0x704,0000000000000000,2,"[0.0, 0.0]"
1657041753073,0x705,BD979C7FBE02C48F,2,"[-0.07402896136045456, -0.12770293653011322]"
1657041753074,0x706,0000000000000000,2,"[0.0, 0.0]"
1657041753075,0x707,0000000000000000,2,"[0.0, 0.0]"
1657041753082,0x717,0000000042C7FFFF,2,"[0.0, 99.99999237060547]"
1657041753104,0x251,0000000000000000,3,"[0, [0, 0, 0, 0, 0, 0, 0, 0], 0.0]"
1657041753104,0x201,0000000000000000,2,"[0.0, 0.0]"
1657041753104,0x471,000000000000000C,1,[12]
1657041753111,0x041,0000000000000003,1,[3]
1657041753111,0x703,0000000000000000,2,"[0.0, 0.0]"
1657041753126,0x23F,0000000004A305E9,2,"[11.870000000000001, 15.13]"
1657041753126,0x035,000000000000000A,1,[10]
1657041753126,0x034,0000000000000020,1,"[[0, 0, 0, 0, 0, 0, 0, 0, 0, 0, 0, 0, 0, 0, 0, 0, 0, 0, 0, 0, 0, 0, 0, 0, 0, 0, 0, 0, 0, 1, 0, 0]]"
1657041753127,0x033,0000000000000000,1,"[[0, 0, 0, 0, 0, 0, 0, 0, 0, 0, 0, 0, 0, 0, 0, 0, 0, 0, 0, 0, 0, 0, 0, 0, 0, 0, 0, 0, 0, 0, 0, 0]]"
1657041753131,0x301,0000000000000000,3,"[0, 0, 0]"
1657041753133,0x23C,0C9D0CA60D7D0C9F,4,"[32.29, 32.38, 34.53, 32.31]"
1657041753134,0x23D,0D470C600CA70CA8,4,"[33.99, 31.68, 32.39, 32.4]"
1657041753134,0x23E,0C7B0C5507A40A6A,4,"[31.95, 31.57, 19.56, 26.66]"
1657041753134,0x2F1,00000F5D0F6D0F69,3,"[39.33, 39.49, 39.45]"
1657041753134,0x233,00000D940F0D0902,3,"[34.76, 38.53, 23.06]"
1657041753139,0x235,9D029CD69CD69C9F,4,"[4.0194, 4.015000000000001, 4.015000000000001, 4.0095]"
1657041753139,0x236,9BFE9C899C7D9C80,4,"[3.9934000000000003, 4.0073, 4.0061, 4.0064]"
1657041753139,0x237,9D0E9CD09CDA9CBA,4,"[4.0206, 4.0144, 4.0154000000000005, 4.0122]"
1657041753140,0x238,9C509CD69CBB9D07,4,"[4.0016, 4.015000000000001, 4.0123, 4.0199]"
1657041753140,0x239,9D109CF19CD99C2D,4,"[4.0208, 4.0177000000000005, 4.0153, 3.9981]"
1657041753140,0x23A,9CF49CDD9CC09CFA,4,"[4.018, 4.0157, 4.0128, 4.0186]"
1657041753140,0x23B,9CDC9CD69CB99CF2,4,"[4.0156, 4.015000000000001, 4.0121, 4.0178]"
1657041753140,0x230,000000000011251A,1,[112.361]
1657041753141,0x234,00009CC09D109BFE,3,"[4.0128, 4.0208, 3.9934000000000003]"
1657041753146,0x300,0000000000000000,1,"[[0, 0, 0, 0, 0, 0, 0, 0, 0, 0, 0, 0, 0, 0, 0, 0]]"
1657041753147,0x250,0000000000000000,2,"[0, 0]"
1657041753147,0x462,0000000000001000,2,"[16, [0, 0, 0, 0, 0, 0, 0, 0]]"
1657041753148,0x260,0000000000000000,1,[0]
1657041753148,0x471,000000000000000C,1,[12]
1657041753151,0x703,0000000000000000,2,"[0.0, 0.0]"
1657041753152,0x088,000000000000000B,1,[0.11]
1657041753157,0x232,00000000FFFFFFE1,1,[-0.31]
1657041753179,0x410,069F34B7FFCAD9C9,2,"[1110.97015, -96.7553055563296]"
1657041753179,0x440,02030000000006B2,5,"[76.80000000000001, 0.0, 0, 6, 178]"
1657041753179,0x240,0000000000000E02,2,"[14, [0, 1, 0, 0, 0, 0, 0, 0]]"
1657041753179,0x201,0000000000000000,2,"[0.0, 0.0]"
1657041753180,0x082,000000000000000F,1,[15]
1657041753180,0x041,0000000000000003,1,[3]
1657041753191,0x703,0000000000000000,2,"[0.0, 0.0]"
1657041753197,0x251,0000000000000000,3,"[0, [0, 0, 0, 0, 0, 0, 0, 0], 0.0]"
1657041753197,0x201,0000000000000000,2,"[0.0, 0.0]"
1657041753198,0x471,000000000000000C,1,[12]
1657041753231,0x703,0000000000000000,2,"[0.0, 0.0]"
1657041753244,0x041,0000000000000003,1,[3]
1657041753246,0x040,000000000016E378,1,[1.500024]
1657041753247,0x050,000000000016E3F0,1,[1.500144]
1657041753247,0x400,0000000000000000,1,"[[0, 0, 0, 0, 0, 0, 0, 0]]"
1657041753247,0x262,0000000000000001,1,"[[1, 0, 0, 0, 0, 0, 0, 0]]"
1657041753247,0x250,0000000000000000,2,"[0, 0]"
1657041753247,0x080,000000000016E396,1,[1.500054]
1657041753248,0x462,0000000000001000,2,"[16, [0, 0, 0, 0, 0, 0, 0, 0]]"
1657041753248,0x260,0000000000000000,1,[0]
1657041753248,0x471,000000000000000C,1,[12]
1657041753251,0x560,0000000000000000,2,"[0.0, 0.0]"
1657041753251,0x570,0000000000000000,2,"[0.0, 0.0]"
1657041753251,0x580,0001008EFFFC00A4,4,"[0.03515625, 0.5098230698529411, -0.140625, 0.5888097426470588]"
1657041753251,0x590,000000000000A172,1,[41.33]
1657041753252,0x5A0,0000000000000000,3,"[0, 0, 0]"
1657041753252,0x5B0,1C5100760000E46E,4,"[1.1116571300549, 118, 0.0, 0.4035746118484283]"
1657041753252,0x5C0,00000000000B3378,1,[0.734072]
1657041753252,0x5D0,00000334000002C5,2,"[0.00082, 0.000709]"
1657041753253,0x561,0000000000000000,2,"[0.0, 0.0]"
1657041753253,0x571,0000000000000000,2,"[0.0, 0.0]"
1657041753253,0x581,00070818FFFA0868,4,"[0.24609375, 7.439108455882352, -0.2109375, 7.726332720588235]"
1657041753275,0x591,000000000000A366,1,[41.83]
1657041753275,0x5A1,0000000000000000,3,"[0, 0, 0]"
1657041753275,0x5B1,1B71072F0000E5CE,4,"[1.0773060199525, 1839, 0.0, 0.4060038717986771]"
1657041753275,0x5C1,00000000000B33B0,1,[0.734128]
1657041753275,0x5D1,00000339000002C5,2,"[0.000825, 0.000709]"
1657041753275,0x075,0000000000001100,2,"[1.7000000000000002, 0.0]"
1657041753276,0x088,000000000000000B,1,[0.11]
1657041753276,0x232,00000000FFFFFFE1,1,[-0.31]
1657041753276,0x410,069F3491FFCAD9C9,2,"[1110.9697700000002, -96.7553055563296]"
1657041753276,0x701,0000000000000000,5,"[[0, 0, 0, 0, 0, 0, 0, 0, 0, 0, 0, 0, 0, 0, 0, 0], [0, 0, 0, 0, 0, 0, 0, 0, 0, 0, 0, 0, 0, 0, 0, 0], 0, 0, 0]"
1657041753276,0x702,0000000042E08AD1,2,"[0.0, 112.27112579345703]"
1657041753276,0x703,0000000000000000,2,"[0.0, 0.0]"
1657041753276,0x704,0000000000000000,2,"[0.0, 0.0]"
1657041753276,0x705,BDA2D77FBDD88D7F,2,"[-0.0795125886797905, -0.10573863238096237]"
1657041753276,0x706,0000000000000000,2,"[0.0, 0.0]"
1657041753276,0x707,0000000000000000,2,"[0.0, 0.0]"
1657041753280,0x4A0,0000000000000228,2,"[0, 552]"
1657041753282,0x4A1,000000220FD81271,4,"[87.19, 0.847058823432, 1.8, 11.3]"
1657041753282,0x717,0000000042C7FFFF,2,"[0.0, 99.99999237060547]"
1657041753297,0x251,0000000000000000,3,"[0, [0, 0, 0, 0, 0, 0, 0, 0], 0.0]"
1657041753297,0x201,0000000000000000,2,"[0.0, 0.0]"
1657041753298,0x471,000000000000000C,1,[12]
1657041753311,0x041,0000000000000003,1,[3]
1657041753312,0x703,0000000000000000,2,"[0.0, 0.0]"
1657041753326,0x23F,0000000004A305EB,2,"[11.870000000000001, 15.15]"
1657041753326,0x035,000000000000000A,1,[10]
1657041753326,0x034,0000000000000020,1,"[[0, 0, 0, 0, 0, 0, 0, 0, 0, 0, 0, 0, 0, 0, 0, 0, 0, 0, 0, 0, 0, 0, 0, 0, 0, 0, 0, 0, 0, 1, 0, 0]]"
1657041753327,0x033,0000000000000000,1,"[[0, 0, 0, 0, 0, 0, 0, 0, 0, 0, 0, 0, 0, 0, 0, 0, 0, 0, 0, 0, 0, 0, 0, 0, 0, 0, 0, 0, 0, 0, 0, 0]]"
1657041753333,0x23C,0C9C0CA50D7C0C9F,4,"[32.28, 32.37, 34.52, 32.31]"
1657041753334,0x23D,0D470C600CA70CA8,4,"[33.99, 31.68, 32.39, 32.4]"
1657041753334,0x23E,0C7B0C5507A40A6A,4,"[31.95, 31.57, 19.56, 26.66]"
1657041753334,0x2F1,00000F660F670F6A,3,"[39.42, 39.43, 39.46]"
1657041753356,0x233,00000D940F0C0902,3,"[34.76, 38.52, 23.06]"
1657041753356,0x235,9D019CD99CD99CA0,4,"[4.0193, 4.0153, 4.0153, 4.0096]"
1657041753356,0x236,9C009C8A9C7F9C83,4,"[3.9936000000000003, 4.0074000000000005, 4.0063, 4.0067]"
1657041753356,0x237,9D0F9CD49CDD9CB1,4,"[4.020700000000001, 4.0148, 4.0157, 4.0113]"
1657041753356,0x238,9C529CD69CBB9D0A,4,"[4.0018, 4.015000000000001, 4.0123, 4.0202]"
1657041753356,0x239,9D149CF59CDA9C2F,4,"[4.0212, 4.0181000000000004, 4.0154000000000005, 3.9983000000000004]"
1657041753357,0x23A,9CF39CDC9CBE9CF9,4,"[4.0179, 4.0156, 4.0126, 4.0185]"
1657041753357,0x23B,9CDB9CD59CBC9CF3,4,"[4.0155, 4.0149, 4.0124, 4.0179]"
1657041753357,0x230,0000000000112534,1,[112.3636]
1657041753357,0x234,00009CC19D149C00,3,"[4.0129, 4.0212, 3.9936000000000003]"
1657041753357,0x300,0000000000000000,1,"[[0, 0, 0, 0, 0, 0, 0, 0, 0, 0, 0, 0, 0, 0, 0, 0]]"
1657041753357,0x250,0000000000000000,2,"[0, 0]"
1657041753357,0x462,0000000000001000,2,"[16, [0, 0, 0, 0, 0, 0, 0, 0]]"
1657041753357,0x260,0000000000000000,1,[0]
1657041753357,0x471,000000000000000C,1,[12]
1657041753357,0x703,0000000000000000,2,"[0.0, 0.0]"
1657041753368,0x088,000000000000000B,1,[0.11]
1657041753373,0x440,020303000000069C,5,"[77.10000000000001, 0.0, 0, 6, 156]"
1657041753373,0x240,0000000000000E02,2,"[14, [0, 1, 0, 0, 0, 0, 0, 0]]"
1657041753374,0x201,0000000000000000,2,"[0.0, 0.0]"
1657041753374,0x082,000000000000000F,1,[15]
1657041753375,0x232,00000000FFFFFFE1,1,[-0.31]
1657041753376,0x410,069F346CFFCAD979,2,"[1110.9694000000002, -96.75752777855183]"
1657041753377,0x041,0000000000000003,1,[3]
1657041753381,0x072,0000000000000004,1,[4]
1657041753382,0x074,0000000000000000,3,"[0.0, 0.0, 0.0]"
1657041753382,0x301,0000000000000000,3,"[0, 0, 0]"
1657041753392,0x703,0000000000000000,2,"[0.0, 0.0]"
1657041753397,0x251,0000000000000000,3,"[0, [0, 0, 0, 0, 0, 0, 0, 0], 0.0]"
1657041753397,0x201,0000000000000000,2,"[0.0, 0.0]"
1657041753398,0x471,000000000000000C,1,[12]
1657041753431,0x703,0000000000000000,2,"[0.0, 0.0]"
1657041753453,0x041,0000000000000003,1,[3]
1657041753453,0x262,0000000000000001,1,"[[1, 0, 0, 0, 0, 0, 0, 0]]"
1657041753454,0x250,0000000000000000,2,"[0, 0]"
1657041753454,0x462,0000000000001000,2,"[16, [0, 0, 0, 0, 0, 0, 0, 0]]"
1657041753454,0x260,0000000000000000,1,[0]
1657041753454,0x471,000000000000000C,1,[12]
1657041753469,0x700,00000E6D00004003,2,"[3693, 16387]"
1657041753469,0x701,0000000000000000,5,"[[0, 0, 0, 0, 0, 0, 0, 0, 0, 0, 0, 0, 0, 0, 0, 0], [0, 0, 0, 0, 0, 0, 0, 0, 0, 0, 0, 0, 0, 0, 0, 0], 0, 0, 0]"
1657041753470,0x702,0000000042E08B3F,2,"[0.0, 112.27196502685547]"
1657041753471,0x703,0000000000000000,2,"[0.0, 0.0]"
1657041753472,0x704,0000000000000000,2,"[0.0, 0.0]"
1657041753473,0x705,BD87315FBDCD71BF,2,"[-0.06601213663816452, -0.10031460970640182]"
1657041753475,0x706,0000000000000000,2,"[0.0, 0.0]"
1657041753475,0x707,0000000000000000,2,"[0.0, 0.0]"
1657041753476,0x088,000000000000000B,1,[0.11]
1657041753477,0x708,4169887839232000,2,"[14.595817565917969, 0.00015556812286376953]"
1657041753477,0x709,404FAE673FE8110D,2,"[3.2450196743011475, 1.8130203485488892]"
1657041753479,0x70B,422E458C409C0840,2,"[43.56791687011719, 4.876007080078125]"
1657041753480,0x70C,00000000424ABC98,2,"[0.0, 50.684173583984375]"
1657041753480,0x70D,0000000044B705F3,2,"[0.0, 1464.1859130859375]"
1657041753482,0x70E,000000003C926AF3,2,"[0.0, 0.017873262986540794]"
1657041753483,0x717,0000000042C7FFFF,2,"[0.0, 99.99999237060547]"
1657041753483,0x232,00000000FFFFFFE1,1,[-0.31]
1657041753484,0x410,069F3447FFCAD979,2,"[1110.9690300000002, -96.75752777855183]"
1657041753496,0x400,0000000000000000,1,"[[0, 0, 0, 0, 0, 0, 0, 0]]"
1657041753497,0x251,0000000000000000,3,"[0, [0, 0, 0, 0, 0, 0, 0, 0], 0.0]"
1657041753497,0x201,0000000000000000,2,"[0.0, 0.0]"
1657041753498,0x471,000000000000000C,1,[12]
1657041753511,0x041,0000000000000003,1,[3]
1657041753512,0x703,0000000000000000,2,"[0.0, 0.0]"
1657041753525,0x2F0,005301E5029B0324,4,"[83, 485, 667, 804]"
1657041753526,0x23F,0000000004A405EB,2,"[11.88, 15.15]"
1657041753548,0x035,000000000000000A,1,[10]
1657041753548,0x034,0000000000000020,1,"[[0, 0, 0, 0, 0, 0, 0, 0, 0, 0, 0, 0, 0, 0, 0, 0, 0, 0, 0, 0, 0, 0, 0, 0, 0, 0, 0, 0, 0, 1, 0, 0]]"
1657041753548,0x033,0000000000000000,1,"[[0, 0, 0, 0, 0, 0, 0, 0, 0, 0, 0, 0, 0, 0, 0, 0, 0, 0, 0, 0, 0, 0, 0, 0, 0, 0, 0, 0, 0, 0, 0, 0]]"
1657041753548,0x23C,0C9C0CA50D7D0C9E,4,"[32.28, 32.37, 34.53, 32.3]"
1657041753548,0x23D,0D470C5F0CA70CA8,4,"[33.99, 31.67, 32.39, 32.4]"
1657041753548,0x23E,0C7B0C5507A40A69,4,"[31.95, 31.57, 19.56, 26.650000000000002]"
1657041753549,0x2F1,00000F690F660F74,3,"[39.45, 39.42, 39.56]"
1657041753549,0x233,00000D940F0D0902,3,"[34.76, 38.53, 23.06]"
1657041753549,0x235,9CFF9CD69CD89C9D,4,"[4.0191, 4.015000000000001, 4.0152, 4.0093000000000005]"
1657041753549,0x236,9C009C859C7E9C7F,4,"[3.9936000000000003, 4.0069, 4.0062, 4.0063]"
1657041753549,0x237,9D0E9CCF9CD99CBA,4,"[4.0206, 4.0143, 4.0153, 4.0122]"
1657041753549,0x238,9C509CD69CB79D07,4,"[4.0016, 4.015000000000001, 4.0119, 4.0199]"
1657041753549,0x239,9D0F9CF19CD69C3F,4,"[4.020700000000001, 4.0177000000000005, 4.015000000000001, 3.9999000000000002]"
1657041753549,0x23A,9CF39CDC9CC09CF7,4,"[4.0179, 4.0156, 4.0128, 4.0183]"
1657041753549,0x23B,9CDA9CD69CB89CEF,4,"[4.0154000000000005, 4.015000000000001, 4.0120000000000005, 4.0175]"
1657041753549,0x230,0000000000112512,1,[112.3602]
1657041753549,0x234,00009CC09D0F9C00,3,"[4.0128, 4.020700000000001, 3.9936000000000003]"
1657041753550,0x300,0000000000000000,1,"[[0, 0, 0, 0, 0, 0, 0, 0, 0, 0, 0, 0, 0, 0, 0, 0]]"
1657041753550,0x250,0000000000000000,2,"[0, 0]"
1657041753550,0x462,0000000000001000,2,"[16, [0, 0, 0, 0, 0, 0, 0, 0]]"
1657041753550,0x260,0000000000000000,1,[0]
1657041753550,0x471,000000000000000C,1,[12]
1657041753552,0x703,0000000000000000,2,"[0.0, 0.0]"
1657041753571,0x440,02030000000006C0,5,"[76.80000000000001, 0.0, 0, 6, 192]"
1657041753571,0x240,0000000000000E02,2,"[14, [0, 1, 0, 0, 0, 0, 0, 0]]"
1657041753571,0x201,0000000000000000,2,"[0.0, 0.0]"
1657041753572,0x082,000000000000000F,1,[15]
1657041753577,0x041,0000000000000003,1,[3]
1657041753584,0x088,000000000000000B,1,[0.11]
1657041753592,0x703,0000000000000000,2,"[0.0, 0.0]"
1657041753593,0x232,00000000FFFFFFE1,1,[-0.31]
1657041753594,0x410,069F3421FFCAD9E2,2,"[1110.96865, -96.75461111188515]"
1657041753615,0x251,0000000000000000,3,"[0, [0, 0, 0, 0, 0, 0, 0, 0], 0.0]"
1657041753615,0x201,0000000000000000,2,"[0.0, 0.0]"
1657041753616,0x471,000000000000000C,1,[12]
1657041753632,0x703,0000000000000000,2,"[0.0, 0.0]"
1657041753632,0x301,0000000000000000,3,"[0, 0, 0]"
1657041753644,0x041,0000000000000003,1,[3]
1657041753647,0x262,0000000000000001,1,"[[1, 0, 0, 0, 0, 0, 0, 0]]"
1657041753647,0x250,0000000000000000,2,"[0, 0]"
1657041753648,0x462,0000000000001000,2,"[16, [0, 0, 0, 0, 0, 0, 0, 0]]"
1657041753648,0x260,0000000000000000,1,[0]
1657041753648,0x471,000000000000000C,1,[12]
1657041753669,0x701,0000000000000000,5,"[[0, 0, 0, 0, 0, 0, 0, 0, 0, 0, 0, 0, 0, 0, 0, 0], [0, 0, 0, 0, 0, 0, 0, 0, 0, 0, 0, 0, 0, 0, 0, 0], 0, 0, 0]"
1657041753671,0x702,0000000042E0887C,2,"[0.0, 112.26657104492188]"
1657041753672,0x703,0000000000000000,2,"[0.0, 0.0]"
1657041753672,0x704,0000000000000000,2,"[0.0, 0.0]"
1657041753673,0x705,BDED3E5F3B33B000,2,"[-0.11584161967039108, 0.0027418136596679688]"
1657041753674,0x706,0000000000000000,2,"[0.0, 0.0]"
1657041753675,0x707,0000000000000000,2,"[0.0, 0.0]"
1657041753682,0x717,0000000042C7FFFF,2,"[0.0, 99.99999237060547]"
1657041753692,0x088,000000000000000B,1,[0.11]
1657041753696,0x401,0000000000000000,1,"[[0, 0, 0, 0, 0, 0, 0, 0, 0, 0, 0, 0, 0, 0, 0, 0, 0, 0, 0, 0, 0, 0, 0, 0, 0, 0, 0, 0, 0, 0, 0, 0]]"
1657041753697,0x251,0000000000000000,3,"[0, [0, 0, 0, 0, 0, 0, 0, 0], 0.0]"
1657041753697,0x201,0000000000000000,2,"[0.0, 0.0]"
1657041753698,0x471,000000000000000C,1,[12]
1657041753701,0x232,00000000FFFFFFE2,1,[-0.3]
1657041753702,0x410,069F33FCFFCC90CA,2,"[1110.96828, -93.63350000074907]"
1657041753711,0x041,0000000000000003,1,[3]
1657041753712,0x703,0000000000000000,2,"[0.0, 0.0]"
1657041753726,0x23F,0000000004A205EB,2,"[11.86, 15.15]"
1657041753726,0x035,000000000000000A,1,[10]
1657041753726,0x034,0000000000000020,1,"[[0, 0, 0, 0, 0, 0, 0, 0, 0, 0, 0, 0, 0, 0, 0, 0, 0, 0, 0, 0, 0, 0, 0, 0, 0, 0, 0, 0, 0, 1, 0, 0]]"
1657041753727,0x033,0000000000000000,1,"[[0, 0, 0, 0, 0, 0, 0, 0, 0, 0, 0, 0, 0, 0, 0, 0, 0, 0, 0, 0, 0, 0, 0, 0, 0, 0, 0, 0, 0, 0, 0, 0]]"
1657041753749,0x23C,0C9C0CA50D7C0C9F,4,"[32.28, 32.37, 34.52, 32.31]"
1657041753749,0x23D,0D470C600CA60CA8,4,"[33.99, 31.68, 32.38, 32.4]"
1657041753749,0x23E,0C7B0C5507A40A6B,4,"[31.95, 31.57, 19.56, 26.67]"
1657041753749,0x2F1,00000F650F6E0F6E,3,"[39.410000000000004, 39.5, 39.5]"
1657041753749,0x233,00000D940F0C0902,3,"[34.76, 38.52, 23.06]"
1657041753749,0x235,9D019CD59CD79CA9,4,"[4.0193, 4.0149, 4.0151, 4.0105]"
1657041753749,0x236,9C109C8A9C7D9C83,4,"[3.9952, 4.0074000000000005, 4.0061, 4.0067]"
1657041753749,0x237,9D0E9CD29CD99CBF,4,"[4.0206, 4.014600000000001, 4.0153, 4.012700000000001]"
1657041753749,0x238,9C669CD79CBB9D09,4,"[4.0038, 4.0151, 4.0123, 4.0201]"
1657041753749,0x239,9D0E9CF09CD69C3D,4,"[4.0206, 4.0176, 4.015000000000001, 3.9997000000000003]"
1657041753749,0x23A,9CF39CDC9CBD9CF8,4,"[4.0179, 4.0156, 4.0125, 4.0184]"
1657041753749,0x23B,9CDF9CD49CB89CF0,4,"[4.0159, 4.0148, 4.0120000000000005, 4.0176]"
1657041753750,0x230,0000000000112559,1,[112.3673]
1657041753750,0x234,00009CC39D0E9C10,3,"[4.0131000000000006, 4.0206, 3.9952]"
1657041753750,0x050,00000000001E8523,1,[2.0001629999999997]
1657041753750,0x400,0000000000000000,1,"[[0, 0, 0, 0, 0, 0, 0, 0]]"
1657041753750,0x300,0000000000000000,1,"[[0, 0, 0, 0, 0, 0, 0, 0, 0, 0, 0, 0, 0, 0, 0, 0]]"
1657041753750,0x250,0000000000000000,2,"[0, 0]"
1657041753750,0x462,0000000000001000,2,"[16, [0, 0, 0, 0, 0, 0, 0, 0]]"
1657041753750,0x260,0000000000000000,1,[0]
1657041753750,0x471,000000000000000C,1,[12]
1657041753750,0x060,00000000000B3378,1,[0.734072]
1657041753750,0x0B0,00000000001AB7A9,1,[1.750953]
1657041753751,0x560,0000000000000000,2,"[0.0, 0.0]"
1657041753751,0x570,0000000000000000,2,"[0.0, 0.0]"
1657041753752,0x703,0000000000000000,2,"[0.0, 0.0]"
1657041753752,0x580,FFFF008EFFFB00A9,4,"[-0.03515625, 0.5098230698529411, -0.17578125, 0.6067612591911764]"
1657041753752,0x061,00000000000B33B0,1,[0.734128]
1657041753752,0x590,000000000000A172,1,[41.33]
1657041753752,0x5A0,0000000000000000,3,"[0, 0, 0]"
1657041753753,0x5B0,1CB100750000E41E,4,"[1.1263790343845002, 117, 0.0, 0.40302250731428085]"
1657041753753,0x561,0000000000000000,2,"[0.0, 0.0]"
1657041753810,0x5C0,00000000000B3378,1,[0.734072]
1657041753810,0x571,0000000000000000,2,"[0.0, 0.0]"
1657041753810,0x5D0,00000334000002C5,2,"[0.00082, 0.000709]"
1657041753810,0x581,00080818FFF90868,4,"[0.28125, 7.439108455882352, -0.24609375, 7.726332720588235]"
1657041753810,0x591,000000000000A384,1,[41.86]
1657041753810,0x5A1,0000000000000000,3,"[0, 0, 0]"
1657041753810,0x5B1,199107300000E56E,4,"[1.0036964983045, 1840, 0.0, 0.40534134635770014]"
1657041753810,0x5C1,00000000000B33B0,1,[0.734128]
1657041753810,0x5D1,00000339000002C5,2,"[0.000825, 0.000709]"
1657041753810,0x440,02030300000006C0,5,"[77.10000000000001, 0.0, 0, 6, 192]"
1657041753811,0x240,0000000000000E02,2,"[14, [0, 1, 0, 0, 0, 0, 0, 0]]"
1657041753811,0x041,0000000000000003,1,[3]
1657041753811,0x201,0000000000000000,2,"[0.0, 0.0]"
1657041753811,0x082,000000000000000F,1,[15]
1657041753811,0x0A0,0000000000264EF3,1,[2.510579]
1657041753811,0x703,0000000000000000,2,"[0.0, 0.0]"
1657041753811,0x251,0000000000000000,3,"[0, [0, 0, 0, 0, 0, 0, 0, 0], 0.0]"
1657041753811,0x201,0000000000000000,2,"[0.0, 0.0]"
1657041753811,0x471,000000000000000C,1,[12]
1657041753811,0x088,000000000000000B,1,[0.11]
1657041753811,0x232,00000000FFFFFFE1,1,[-0.31]
1657041753812,0x410,069F33D7FFCAD906,2,"[1110.96791, -96.7607222229963]"
1657041753831,0x703,0000000000000000,2,"[0.0, 0.0]"
1657041753845,0x041,0000000000000003,1,[3]
1657041753847,0x262,0000000000000001,1,"[[1, 0, 0, 0, 0, 0, 0, 0]]"
1657041753847,0x250,0000000000000000,2,"[0, 0]"
1657041753848,0x462,0000000000001000,2,"[16, [0, 0, 0, 0, 0, 0, 0, 0]]"
1657041753848,0x260,0000000000000000,1,[0]
1657041753848,0x471,000000000000000C,1,[12]
1657041753869,0x701,0000000000000000,5,"[[0, 0, 0, 0, 0, 0, 0, 0, 0, 0, 0, 0, 0, 0, 0, 0], [0, 0, 0, 0, 0, 0, 0, 0, 0, 0, 0, 0, 0, 0, 0, 0], 0, 0, 0]"
1657041753870,0x702,0000000042E0897D,2,"[0.0, 112.2685317993164]"
1657041753872,0x703,0000000000000000,2,"[0.0, 0.0]"
1657041753900,0x704,0000000000000000,2,"[0.0, 0.0]"
1657041753900,0x705,BDE212FF3CAC5D00,2,"[-0.11038779467344284, 0.02104043960571289]"
1657041753900,0x706,0000000000000000,2,"[0.0, 0.0]"
1657041753900,0x707,0000000000000000,2,"[0.0, 0.0]"
1657041753900,0x075,0000000000001700,2,"[2.3000000000000003, 0.0]"
1657041753900,0x070,00000000002625D8,1,[2.500056]
1657041753900,0x301,0000000000000000,3,"[0, 0, 0]"
1657041753901,0x717,0000000042C7FFFF,2,"[0.0, 99.99999237060547]"
1657041753901,0x251,0000000000000000,3,"[0, [0, 0, 0, 0, 0, 0, 0, 0], 0.0]"
1657041753901,0x201,0000000000000000,2,"[0.0, 0.0]"
1657041753901,0x471,000000000000000C,1,[12]
1657041753909,0x088,000000000000000B,1,[0.11]
1657041753911,0x703,0000000000000000,2,"[0.0, 0.0]"
1657041753912,0x041,0000000000000003,1,[3]
1657041753917,0x232,00000000FFFFFFE2,1,[-0.3]
1657041753918,0x410,069F33B2FFCC8FF5,2,"[1110.96754, -93.63941666741579]"
1657041753926,0x23F,0000000004A305E9,2,"[11.870000000000001, 15.13]"
1657041753926,0x035,000000000000000A,1,[10]
1657041753926,0x034,0000000000000020,1,"[[0, 0, 0, 0, 0, 0, 0, 0, 0, 0, 0, 0, 0, 0, 0, 0, 0, 0, 0, 0, 0, 0, 0, 0, 0, 0, 0, 0, 0, 1, 0, 0]]"
1657041753927,0x033,0000000000000000,1,"[[0, 0, 0, 0, 0, 0, 0, 0, 0, 0, 0, 0, 0, 0, 0, 0, 0, 0, 0, 0, 0, 0, 0, 0, 0, 0, 0, 0, 0, 0, 0, 0]]"
1657041753933,0x23C,0C9C0CA50D7D0C9F,4,"[32.28, 32.37, 34.53, 32.31]"
1657041753934,0x23D,0D470C600CA70CA8,4,"[33.99, 31.68, 32.39, 32.4]"
1657041753934,0x23E,0C7B0C5507A40A69,4,"[31.95, 31.57, 19.56, 26.650000000000002]"
1657041753934,0x2F1,00000F620F640F66,3,"[39.38, 39.4, 39.42]"
1657041753934,0x233,00000D940F0D0902,3,"[34.76, 38.53, 23.06]"
1657041753941,0x235,9D019CD69CD89CA9,4,"[4.0193, 4.015000000000001, 4.0152, 4.0105]"
1657041753941,0x236,9C119C8B9C7C9C84,4,"[3.9953000000000003, 4.0075, 4.006, 4.0068]"
1657041753941,0x237,9D0F9CD29CD99CBE,4,"[4.020700000000001, 4.014600000000001, 4.0153, 4.0126]"
1657041753942,0x238,9C689CD79CBD9D0A,4,"[4.0040000000000004, 4.0151, 4.0125, 4.0202]"
1657041753942,0x239,9D109CF29CD99C3E,4,"[4.0208, 4.0178, 4.0153, 3.9998]"
1657041753942,0x23A,9CF49CDC9CBD9CF8,4,"[4.018, 4.0156, 4.0125, 4.0184]"
1657041753942,0x23B,9CDF9CD59CB69CF1,4,"[4.0159, 4.0149, 4.0118, 4.0177000000000005]"
1657041753964,0x230,000000000011256B,1,[112.3691]
1657041753964,0x234,00009CC39D109C11,3,"[4.0131000000000006, 4.0208, 3.9953000000000003]"
1657041753964,0x300,0000000000000000,1,"[[0, 0, 0, 0, 0, 0, 0, 0, 0, 0, 0, 0, 0, 0, 0, 0]]"
1657041753965,0x250,0000000000000000,2,"[0, 0]"
1657041753965,0x462,0000000000001000,2,"[16, [0, 0, 0, 0, 0, 0, 0, 0]]"
1657041753965,0x260,0000000000000000,1,[0]
1657041753965,0x471,000000000000000C,1,[12]
1657041753965,0x703,0000000000000000,2,"[0.0, 0.0]"
1657041753971,0x440,02030000000006B6,5,"[76.80000000000001, 0.0, 0, 6, 182]"
1657041753971,0x240,0000000000000E02,2,"[14, [0, 1, 0, 0, 0, 0, 0, 0]]"
1657041753971,0x201,0000000000000000,2,"[0.0, 0.0]"
1657041753972,0x082,000000000000000F,1,[15]
1657041753978,0x041,0000000000000003,1,[3]
1657041753992,0x703,0000000000000000,2,"[0.0, 0.0]"
1657041753996,0x400,0000000000000000,1,"[[0, 0, 0, 0, 0, 0, 0, 0]]"
1657041753997,0x251,0000000000000000,3,"[0, [0, 0, 0, 0, 0, 0, 0, 0], 0.0]"
1657041753997,0x201,0000000000000000,2,"[0.0, 0.0]"
1657041753998,0x471,000000000000000C,1,[12]
1657041754000,0x0B3,000000000FF12D9B,2,"[4081, 11675]"
1657041754001,0x4B0,0000000000000001,1,"[[1, 0, 0, 0, 0, 0, 0, 0]]"
1657041754014,0x030,000000000029D0FB,1,[2.740475]
1657041754017,0x088,000000000000000B,1,[0.11]
1657041754026,0x232,00000000FFFFFFE3,1,[-0.29]
1657041754026,0x410,069F338FFFCE46B1,2,"[1110.96719, -90.51952777850194]"
1657041754032,0x703,0000000000000000,2,"[0.0, 0.0]"
1657041754045,0x041,0000000000000003,1,[3]
1657041754047,0x262,0000000000000001,1,"[[1, 0, 0, 0, 0, 0, 0, 0]]"
1657041754048,0x250,0000000000000000,2,"[0, 0]"
1657041754048,0x462,0000000000001000,2,"[16, [0, 0, 0, 0, 0, 0, 0, 0]]"
1657041754048,0x260,0000000000000000,1,[0]
1657041754048,0x471,000000000000000C,1,[12]
1657041754069,0x701,0000000000000000,5,"[[0, 0, 0, 0, 0, 0, 0, 0, 0, 0, 0, 0, 0, 0, 0, 0], [0, 0, 0, 0, 0, 0, 0, 0, 0, 0, 0, 0, 0, 0, 0, 0], 0, 0, 0]"
1657041754091,0x702,0000000042E08F07,2,"[0.0, 112.27935028076172]"
1657041754091,0x703,0000000000000000,2,"[0.0, 0.0]"
1657041754092,0x704,0000000000000000,2,"[0.0, 0.0]"
1657041754092,0x705,BDE6879F3CDBF880,2,"[-0.1125633642077446, 0.026851892471313477]"
1657041754092,0x706,0000000000000000,2,"[0.0, 0.0]"
1657041754092,0x707,0000000000000000,2,"[0.0, 0.0]"
1657041754092,0x717,0000000042C7FFFF,2,"[0.0, 99.99999237060547]"
1657041754097,0x251,0000000000000000,3,"[0, [0, 0, 0, 0, 0, 0, 0, 0], 0.0]"
1657041754097,0x201,0000000000000000,2,"[0.0, 0.0]"
1657041754098,0x471,000000000000000C,1,[12]
1657041754112,0x703,0000000000000000,2,"[0.0, 0.0]"
1657041754112,0x041,0000000000000003,1,[3]
1657041754125,0x088,000000000000000B,1,[0.11]
1657041754126,0x23F,0000000004A505EB,2,"[11.89, 15.15]"
1657041754126,0x035,000000000000000A,1,[10]
1657041754126,0x034,0000000000000020,1,"[[0, 0, 0, 0, 0, 0, 0, 0, 0, 0, 0, 0, 0, 0, 0, 0, 0, 0, 0, 0, 0, 0, 0, 0, 0, 0, 0, 0, 0, 1, 0, 0]]"
1657041754127,0x033,0000000000000000,1,"[[0, 0, 0, 0, 0, 0, 0, 0, 0, 0, 0, 0, 0, 0, 0, 0, 0, 0, 0, 0, 0, 0, 0, 0, 0, 0, 0, 0, 0, 0, 0, 0]]"
1657041754132,0x301,0000000000000000,3,"[0, 0, 0]"
1657041754133,0x23C,0C9B0CA50D7D0C9E,4,"[32.27, 32.37, 34.53, 32.3]"
1657041754134,0x23D,0D480C600CA70CA8,4,"[34.0, 31.68, 32.39, 32.4]"
1657041754134,0x23E,0C7B0C5507A40A68,4,"[31.95, 31.57, 19.56, 26.64]"
1657041754134,0x2F1,00000F5E0F630F73,3,"[39.34, 39.39, 39.550000000000004]"
1657041754134,0x233,00000D940F0D0902,3,"[34.76, 38.53, 23.06]"
1657041754135,0x232,00000000FFFFFFE2,1,[-0.3]
1657041754135,0x410,069F336BFFCC8FBF,2,"[1110.96683, -93.6409166674158]"
1657041754141,0x235,9D039CD69CD89CA9,4,"[4.0195, 4.015000000000001, 4.0152, 4.0105]"
1657041754141,0x236,9C129C899C7D9C83,4,"[3.9954, 4.0073, 4.0061, 4.0067]"
1657041754142,0x237,9D0F9CD29CD99CBA,4,"[4.020700000000001, 4.014600000000001, 4.0153, 4.0122]"
1657041754142,0x238,9C689CD99CBE9D0A,4,"[4.0040000000000004, 4.0153, 4.0126, 4.0202]"
1657041754142,0x239,9D109CF29CD89C3E,4,"[4.0208, 4.0178, 4.0152, 3.9998]"
1657041754142,0x23A,9CF59CDE9CBD9CF7,4,"[4.0181000000000004, 4.0158000000000005, 4.0125, 4.0183]"
1657041754142,0x23B,9CDE9CD59CB99CF1,4,"[4.0158000000000005, 4.0149, 4.0121, 4.0177000000000005]"
1657041754164,0x230,000000000011256E,1,[112.3694]
1657041754164,0x234,00009CC39D109C12,3,"[4.0131000000000006, 4.0208, 3.9954]"
1657041754164,0x300,0000000000000000,1,"[[0, 0, 0, 0, 0, 0, 0, 0, 0, 0, 0, 0, 0, 0, 0, 0]]"
1657041754164,0x250,0000000000000000,2,"[0, 0]"
1657041754165,0x462,0000000000001000,2,"[16, [0, 0, 0, 0, 0, 0, 0, 0]]"
1657041754165,0x260,0000000000000000,1,[0]
1657041754165,0x471,000000000000000C,1,[12]
1657041754165,0x703,0000000000000000,2,"[0.0, 0.0]"
1657041754171,0x440,02030000000006BA,5,"[76.80000000000001, 0.0, 0, 6, 186]"
1657041754171,0x240,0000000000000E02,2,"[14, [0, 1, 0, 0, 0, 0, 0, 0]]"
1657041754171,0x201,0000000000000000,2,"[0.0, 0.0]"
1657041754172,0x082,000000000000000F,1,[15]
1657041754178,0x041,0000000000000003,1,[3]
1657041754191,0x703,0000000000000000,2,"[0.0, 0.0]"
1657041754197,0x251,0000000000000000,3,"[0, [0, 0, 0, 0, 0, 0, 0, 0], 0.0]"
1657041754197,0x201,0000000000000000,2,"[0.0, 0.0]"
1657041754198,0x471,000000000000000C,1,[12]
1657041754232,0x703,0000000000000000,2,"[0.0, 0.0]"
1657041754233,0x088,000000000000000B,1,[0.11]
1657041754242,0x232,00000000FFFFFFE3,1,[-0.29]
1657041754242,0x410,069F3347FFCE46A8,2,"[1110.96647, -90.51977777850193]"
1657041754245,0x041,0000000000000003,1,[3]
1657041754246,0x040,00000000002625C4,1,[2.5000359999999997]
1657041754247,0x050,0000000000262647,1,[2.500167]
1657041754247,0x400,0000000000000000,1,"[[0, 0, 0, 0, 0, 0, 0, 0]]"
1657041754247,0x262,0000000000000001,1,"[[1, 0, 0, 0, 0, 0, 0, 0]]"
1657041754247,0x080,00000000002625E1,1,[2.5000649999999998]
1657041754248,0x250,0000000000000000,2,"[0, 0]"
1657041754248,0x462,0000000000001000,2,"[16, [0, 0, 0, 0, 0, 0, 0, 0]]"
1657041754248,0x260,0000000000000000,1,[0]
1657041754248,0x471,000000000000000C,1,[12]
1657041754252,0x560,0000000000000000,2,"[0.0, 0.0]"
1657041754274,0x570,0000000000000000,2,"[0.0, 0.0]"
1657041754274,0x580,0001008FFFFD00AE,4,"[0.03515625, 0.5134133731617647, -0.10546875, 0.624712775735294]"
1657041754274,0x590,000000000000A14A,1,[41.29]
1657041754274,0x5A0,0000000000000000,3,"[0, 0, 0]"
1657041754274,0x5B0,1BD100760000E47E,4,"[1.0920279242821, 118, 0.0, 0.4036850327552578]"
1657041754274,0x5C0,00000000000B37E7,1,[0.7352069999999999]
1657041754274,0x5D0,0000030E000002C6,2,"[0.0007819999999999999, 0.00071]"
1657041754274,0x561,0000000000000000,2,"[0.0, 0.0]"
1657041754274,0x571,0000000000000000,2,"[0.0, 0.0]"
1657041754275,0x581,00070818FFFB0867,4,"[0.24609375, 7.439108455882352, -0.17578125, 7.722742417279411]"
1657041754275,0x591,000000000000A366,1,[41.83]
1657041754275,0x5A1,0000000000000000,3,"[0, 0, 0]"
1657041754275,0x5B1,1C71072F0000E5BE,4,"[1.1165644314981, 1839, 0.0, 0.4058934508918476]"
1657041754275,0x5C1,00000000000B3816,1,[0.735254]
1657041754275,0x5D1,0000031D000002C6,2,"[0.000797, 0.00071]"
1657041754275,0x701,0000000000000000,5,"[[0, 0, 0, 0, 0, 0, 0, 0, 0, 0, 0, 0, 0, 0, 0, 0], [0, 0, 0, 0, 0, 0, 0, 0, 0, 0, 0, 0, 0, 0, 0, 0], 0, 0, 0]"
1657041754275,0x702,0000000042E08897,2,"[0.0, 112.26677703857422]"
1657041754275,0x703,0000000000000000,2,"[0.0, 0.0]"
1657041754275,0x704,0000000000000000,2,"[0.0, 0.0]"
1657041754275,0x705,BDECFFDF3D0992C0,2,"[-0.1157224103808403, 0.03358721733093262]"
1657041754276,0x706,0000000000000000,2,"[0.0, 0.0]"
1657041754276,0x707,0000000000000000,2,"[0.0, 0.0]"
1657041754283,0x717,0000000042C7FFFF,2,"[0.0, 99.99999237060547]"
1657041754297,0x251,0000000000000000,3,"[0, [0, 0, 0, 0, 0, 0, 0, 0], 0.0]"
1657041754297,0x201,0000000000000000,2,"[0.0, 0.0]"
1657041754298,0x471,000000000000000C,1,[12]
1657041754312,0x703,0000000000000000,2,"[0.0, 0.0]"
1657041754312,0x041,0000000000000003,1,[3]
1657041754326,0x23F,0000000004A305E9,2,"[11.870000000000001, 15.13]"
1657041754326,0x035,000000000000000A,1,[10]
1657041754326,0x034,0000000000000020,1,"[[0, 0, 0, 0, 0, 0, 0, 0, 0, 0, 0, 0, 0, 0, 0, 0, 0, 0, 0, 0, 0, 0, 0, 0, 0, 0, 0, 0, 0, 1, 0, 0]]"
1657041754327,0x033,0000000000000000,1,"[[0, 0, 0, 0, 0, 0, 0, 0, 0, 0, 0, 0, 0, 0, 0, 0, 0, 0, 0, 0, 0, 0, 0, 0, 0, 0, 0, 0, 0, 0, 0, 0]]"
1657041754349,0x23C,0C9C0CA50D7D0C9E,4,"[32.28, 32.37, 34.53, 32.3]"
1657041754349,0x23D,0D470C600CA70CA8,4,"[33.99, 31.68, 32.39, 32.4]"
1657041754349,0x23E,0C7B0C5507A40A6D,4,"[31.95, 31.57, 19.56, 26.69]"
1657041754349,0x2F1,00000F720F670F6F,3,"[39.54, 39.43, 39.51]"
1657041754349,0x233,00000D940F0D0902,3,"[34.76, 38.53, 23.06]"
1657041754349,0x088,000000000000000B,1,[0.11]
1657041754349,0x401,0000000000000000,1,"[[0, 0, 0, 0, 0, 0, 0, 0, 0, 0, 0, 0, 0, 0, 0, 0, 0, 0, 0, 0, 0, 0, 0, 0, 0, 0, 0, 0, 0, 0, 0, 0]]"
1657041754349,0x300,0000000000000000,1,"[[0, 0, 0, 0, 0, 0, 0, 0, 0, 0, 0, 0, 0, 0, 0, 0]]"
1657041754349,0x250,0000000000000000,2,"[0, 0]"
1657041754349,0x462,0000000000001000,2,"[16, [0, 0, 0, 0, 0, 0, 0, 0]]"
1657041754350,0x260,0000000000000000,1,[0]
1657041754350,0x471,000000000000000C,1,[12]
1657041754351,0x703,0000000000000000,2,"[0.0, 0.0]"
1657041754359,0x232,00000000FFFFFFE0,1,[-0.32]
1657041754362,0x410,069F3323FFC921D4,2,"[1110.96611, -99.88388888968797]"
1657041754362,0x235,9D039CD69CD89CA9,4,"[4.0195, 4.015000000000001, 4.0152, 4.0105]"
1657041754363,0x236,9C129C899C7D9C83,4,"[3.9954, 4.0073, 4.0061, 4.0067]"
1657041754363,0x237,9D0F9CD29CD99CBA,4,"[4.020700000000001, 4.014600000000001, 4.0153, 4.0122]"
1657041754363,0x238,9C689CD99CBE9D0A,4,"[4.0040000000000004, 4.0153, 4.0126, 4.0202]"
1657041754363,0x239,9D109CF29CD89C3E,4,"[4.0208, 4.0178, 4.0152, 3.9998]"
1657041754364,0x23A,9CF59CDE9CBD9CF7,4,"[4.0181000000000004, 4.0158000000000005, 4.0125, 4.0183]"
1657041754364,0x23B,9CDE9CD59CB99CF1,4,"[4.0158000000000005, 4.0149, 4.0121, 4.0177000000000005]"
1657041754364,0x230,000000000011256E,1,[112.3694]
1657041754364,0x234,00009CC39D109C12,3,"[4.0131000000000006, 4.0208, 3.9954]"
1657041754377,0x440,02030300000006B8,5,"[77.10000000000001, 0.0, 0, 6, 184]"
1657041754377,0x240,0000000000000E02,2,"[14, [0, 1, 0, 0, 0, 0, 0, 0]]"
1657041754378,0x201,0000000000000000,2,"[0.0, 0.0]"
1657041754378,0x082,000000000000000F,1,[15]
1657041754378,0x041,0000000000000003,1,[3]
1657041754381,0x072,0000000000000004,1,[4]
1657041754382,0x074,0000000000000000,3,"[0.0, 0.0, 0.0]"
1657041754391,0x703,0000000000000000,2,"[0.0, 0.0]"
1657041754413,0x301,0000000000000000,3,"[0, 0, 0]"
1657041754413,0x251,0000000000000000,3,"[0, [0, 0, 0, 0, 0, 0, 0, 0], 0.0]"
1657041754413,0x201,0000000000000000,2,"[0.0, 0.0]"
1657041754413,0x471,000000000000000C,1,[12]
1657041754431,0x703,0000000000000000,2,"[0.0, 0.0]"
1657041754445,0x041,0000000000000003,1,[3]
1657041754447,0x262,0000000000000001,1,"[[1, 0, 0, 0, 0, 0, 0, 0]]"
1657041754448,0x462,0000000000001000,2,"[16, [0, 0, 0, 0, 0, 0, 0, 0]]"
1657041754448,0x250,0000000000000000,2,"[0, 0]"
1657041754448,0x260,0000000000000000,1,[0]
1657041754448,0x471,000000000000000C,1,[12]
1657041754449,0x088,000000000000000B,1,[0.11]
1657041754468,0x232,00000000FFFFFFE4,1,[-0.28]
1657041754468,0x410,069F3300FFCFFD99,2,"[1110.96576, -87.39841666736585]"
1657041754469,0x700,00000E6D00004003,2,"[3693, 16387]"
1657041754469,0x701,0000000000000000,5,"[[0, 0, 0, 0, 0, 0, 0, 0, 0, 0, 0, 0, 0, 0, 0, 0], [0, 0, 0, 0, 0, 0, 0, 0, 0, 0, 0, 0, 0, 0, 0, 0], 0, 0, 0]"
1657041754470,0x702,0000000042E089D3,2,"[0.0, 112.2691879272461]"
1657041754471,0x703,0000000000000000,2,"[0.0, 0.0]"
1657041754472,0x704,0000000000000000,2,"[0.0, 0.0]"
1657041754474,0x705,BDFD3C1E3D08B800,2,"[-0.12364982068538666, 0.03337860107421875]"
1657041754474,0x706,0000000000000000,2,"[0.0, 0.0]"
1657041754475,0x707,0000000000000000,2,"[0.0, 0.0]"
1657041754477,0x708,416984A339610000,2,"[14.594882011413574, 0.00021457672119140625]"
1657041754478,0x709,404FB1DF3FE8157A,2,"[3.2452313899993896, 1.8131554126739502]"
1657041754479,0x70B,422E39C0409C0840,2,"[43.556396484375, 4.876007080078125]"
1657041754480,0x70C,00000000424AA324,2,"[0.0, 50.65931701660156]"
1657041754481,0x70D,0000000044B705F3,2,"[0.0, 1464.1859130859375]"
1657041754482,0x70E,000000003C926AF3,2,"[0.0, 0.017873262986540794]"
1657041754482,0x717,0000000042C7FFFF,2,"[0.0, 99.99999237060547]"
1657041754497,0x400,0000000000000000,1,"[[0, 0, 0, 0, 0, 0, 0, 0]]"
1657041754497,0x251,0000000000000000,3,"[0, [0, 0, 0, 0, 0, 0, 0, 0], 0.0]"
1657041754497,0x201,0000000000000000,2,"[0.0, 0.0]"
1657041754519,0x471,000000000000000C,1,[12]
1657041754519,0x075,0000000000001D00,2,"[2.9000000000000004, 0.0]"
1657041754519,0x703,0000000000000000,2,"[0.0, 0.0]"
1657041754519,0x041,0000000000000003,1,[3]
1657041754525,0x2F0,005306AF084C0AB4,4,"[83, 1711, 2124, 2740]"
1657041754526,0x23F,0000000004A405EA,2,"[11.88, 15.14]"
1657041754526,0x035,000000000000000A,1,[10]
1657041754526,0x034,0000000000000020,1,"[[0, 0, 0, 0, 0, 0, 0, 0, 0, 0, 0, 0, 0, 0, 0, 0, 0, 0, 0, 0, 0, 0, 0, 0, 0, 0, 0, 0, 0, 1, 0, 0]]"
1657041754527,0x033,0000000000000000,1,"[[0, 0, 0, 0, 0, 0, 0, 0, 0, 0, 0, 0, 0, 0, 0, 0, 0, 0, 0, 0, 0, 0, 0, 0, 0, 0, 0, 0, 0, 0, 0, 0]]"
1657041754533,0x23C,0C9C0CA50D7D0C9D,4,"[32.28, 32.37, 34.53, 32.29]"
1657041754534,0x23D,0D480C600CA70CA8,4,"[34.0, 31.68, 32.39, 32.4]"
1657041754534,0x23E,0C7B0C5507A40A67,4,"[31.95, 31.57, 19.56, 26.63]"
1657041754534,0x2F1,00000F5A0F6A0F69,3,"[39.300000000000004, 39.46, 39.45]"
1657041754534,0x233,00000D940F0D0902,3,"[34.76, 38.53, 23.06]"
1657041754541,0x235,9D039CD69CD79CA9,4,"[4.0195, 4.015000000000001, 4.0151, 4.0105]"
1657041754541,0x236,9C129C8B9C7F9C84,4,"[3.9954, 4.0075, 4.0063, 4.0068]"
1657041754542,0x237,9D109CD29CDA9CC1,4,"[4.0208, 4.014600000000001, 4.0154000000000005, 4.0129]"
1657041754542,0x238,9C689CD79CBD9D0A,4,"[4.0040000000000004, 4.0151, 4.0125, 4.0202]"
1657041754542,0x239,9D119CF29CD89C3E,4,"[4.0209, 4.0178, 4.0152, 3.9998]"
1657041754542,0x23A,9CF49CDD9CBE9CF6,4,"[4.018, 4.0157, 4.0126, 4.0182]"
1657041754542,0x23B,9CDF9CD49CB89CF0,4,"[4.0159, 4.0148, 4.0120000000000005, 4.0176]"
1657041754543,0x230,0000000000112575,1,[112.37010000000001]
1657041754543,0x234,00009CC49D119C12,3,"[4.0132, 4.0209, 3.9954]"
1657041754547,0x300,0000000000000000,1,"[[0, 0, 0, 0, 0, 0, 0, 0, 0, 0, 0, 0, 0, 0, 0, 0]]"
1657041754548,0x462,0000000000001000,2,"[16, [0, 0, 0, 0, 0, 0, 0, 0]]"
1657041754548,0x250,0000000000000000,2,"[0, 0]"
1657041754548,0x260,0000000000000000,1,[0]
1657041754548,0x471,000000000000000C,1,[12]
1657041754552,0x703,0000000000000000,2,"[0.0, 0.0]"
1657041754557,0x088,000000000000000B,1,[0.11]
1657041754571,0x440,02030000000006B8,5,"[76.80000000000001, 0.0, 0, 6, 184]"
1657041754571,0x240,0000000000000E02,2,"[14, [0, 1, 0, 0, 0, 0, 0, 0]]"
1657041754593,0x201,0000000000000000,2,"[0.0, 0.0]"
1657041754593,0x082,000000000000000F,1,[15]
1657041754593,0x232,00000000FFFFFFE3,1,[-0.29]
1657041754593,0x410,069F32DDFFCE4694,2,"[1110.96541, -90.5203333340575]"
1657041754593,0x041,0000000000000003,1,[3]
1657041754593,0x703,0000000000000000,2,"[0.0, 0.0]"
1657041754597,0x251,0000000000000000,3,"[0, [0, 0, 0, 0, 0, 0, 0, 0], 0.0]"
1657041754597,0x201,0000000000000000,2,"[0.0, 0.0]"
1657041754598,0x471,000000000000000C,1,[12]
1657041754632,0x703,0000000000000000,2,"[0.0, 0.0]"
1657041754643,0x301,0000000000000000,3,"[0, 0, 0]"
1657041754645,0x041,0000000000000003,1,[3]
1657041754647,0x262,0000000000000001,1,"[[1, 0, 0, 0, 0, 0, 0, 0]]"
1657041754648,0x462,0000000000001000,2,"[16, [0, 0, 0, 0, 0, 0, 0, 0]]"
1657041754648,0x250,0000000000000000,2,"[0, 0]"
1657041754648,0x260,0000000000000000,1,[0]
1657041754648,0x471,000000000000000C,1,[12]
1657041754665,0x088,000000000000000B,1,[0.11]
1657041754670,0x701,0000000000000000,5,"[[0, 0, 0, 0, 0, 0, 0, 0, 0, 0, 0, 0, 0, 0, 0, 0], [0, 0, 0, 0, 0, 0, 0, 0, 0, 0, 0, 0, 0, 0, 0, 0], 0, 0, 0]"
1657041754670,0x702,0000000042E08538,2,"[0.0, 112.26019287109375]"
1657041754672,0x703,0000000000000000,2,"[0.0, 0.0]"
1657041754673,0x704,0000000000000000,2,"[0.0, 0.0]"
1657041754674,0x705,BDDFF01F3CFD6B00,2,"[-0.1093447133898735, 0.030934810638427734]"
1657041754675,0x706,0000000000000000,2,"[0.0, 0.0]"
1657041754676,0x707,0000000000000000,2,"[0.0, 0.0]"
1657041754682,0x717,0000000042C7FFFF,2,"[0.0, 99.99999237060547]"
1657041754685,0x232,00000000FFFFFFE3,1,[-0.29]
1657041754686,0x410,069F32BAFFCE4694,2,"[1110.96506, -90.5203333340575]"
1657041754697,0x251,0000000000000000,3,"[0, [0, 0, 0, 0, 0, 0, 0, 0], 0.0]"
1657041754697,0x201,0000000000000000,2,"[0.0, 0.0]"
1657041754698,0x471,000000000000000C,1,[12]
1657041754712,0x703,0000000000000000,2,"[0.0, 0.0]"
1657041754733,0x041,0000000000000003,1,[3]
1657041754733,0x23F,0000000004A505EC,2,"[11.89, 15.16]"
1657041754734,0x035,000000000000000A,1,[10]
1657041754734,0x034,0000000000000020,1,"[[0, 0, 0, 0, 0, 0, 0, 0, 0, 0, 0, 0, 0, 0, 0, 0, 0, 0, 0, 0, 0, 0, 0, 0, 0, 0, 0, 0, 0, 1, 0, 0]]"
1657041754734,0x033,0000000000000000,1,"[[0, 0, 0, 0, 0, 0, 0, 0, 0, 0, 0, 0, 0, 0, 0, 0, 0, 0, 0, 0, 0, 0, 0, 0, 0, 0, 0, 0, 0, 0, 0, 0]]"
1657041754734,0x23C,0C9C0CA50D7E0C9D,4,"[32.28, 32.37, 34.54, 32.29]"
1657041754734,0x23D,0D470C5F0CA70CA7,4,"[33.99, 31.67, 32.39, 32.39]"
1657041754734,0x23E,0C7B0C5507A50A69,4,"[31.95, 31.57, 19.57, 26.650000000000002]"
1657041754734,0x2F1,00000F5B0F670F7B,3,"[39.31, 39.43, 39.63]"
1657041754734,0x233,00000D940F0E0903,3,"[34.76, 38.54, 23.07]"
1657041754741,0x235,9D029CD59CD89CA8,4,"[4.0194, 4.0149, 4.0152, 4.010400000000001]"
1657041754741,0x236,9C109C889C7D9C81,4,"[3.9952, 4.0072, 4.0061, 4.0065]"
1657041754742,0x237,9D0F9CD29CD99CBA,4,"[4.020700000000001, 4.014600000000001, 4.0153, 4.0122]"
1657041754742,0x238,9C689CD79CBA9D08,4,"[4.0040000000000004, 4.0151, 4.0122, 4.0200000000000005]"
1657041754742,0x239,9D0F9CEF9CD69C3C,4,"[4.020700000000001, 4.0175, 4.015000000000001, 3.9996]"
1657041754742,0x23A,9CF39CDC9CBD9CF7,4,"[4.0179, 4.0156, 4.0125, 4.0183]"
1657041754742,0x23B,9CDF9CD49CB79CEE,4,"[4.0159, 4.0148, 4.0119, 4.0174]"
1657041754743,0x230,000000000011254D,1,[112.3661]
1657041754743,0x234,00009CC29D0F9C10,3,"[4.013, 4.020700000000001, 3.9952]"
1657041754746,0x050,00000000002DC76A,1,[3.00017]
1657041754747,0x400,0000000000000000,1,"[[0, 0, 0, 0, 0, 0, 0, 0]]"
1657041754747,0x300,0000000000000000,1,"[[0, 0, 0, 0, 0, 0, 0, 0, 0, 0, 0, 0, 0, 0, 0, 0]]"
1657041754748,0x462,0000000000001000,2,"[16, [0, 0, 0, 0, 0, 0, 0, 0]]"
1657041754748,0x250,0000000000000000,2,"[0, 0]"
1657041754748,0x260,0000000000000000,1,[0]
1657041754748,0x471,000000000000000C,1,[12]
1657041754750,0x0B0,000000000029F9F3,1,[2.750963]
1657041754751,0x060,00000000000B350F,1,[0.734479]
1657041754752,0x703,0000000000000000,2,"[0.0, 0.0]"
1657041754752,0x560,0000000000000000,2,"[0.0, 0.0]"
1657041754752,0x570,0000000000000000,2,"[0.0, 0.0]"
1657041754753,0x061,00000000000B354E,1,[0.7345419999999999]
1657041754775,0x580,0000008EFFFB00B2,4,"[0.0, 0.5098230698529411, -0.17578125, 0.6390739889705882]"
1657041754775,0x590,000000000000A172,1,[41.33]
1657041754775,0x5A0,0000000000000000,3,"[0, 0, 0]"
1657041754775,0x5B0,16F100760000E44E,4,"[0.9006431679973, 118, 0.0, 0.40335377003476935]"
1657041754775,0x5C0,00000000000B350F,1,[0.734479]
1657041754775,0x561,0000000000000000,2,"[0.0, 0.0]"
1657041754775,0x5D0,00000317000002C6,2,"[0.0007909999999999999, 0.00071]"
1657041754775,0x571,0000000000000000,2,"[0.0, 0.0]"
1657041754775,0x581,00090818FFF90867,4,"[0.31640625, 7.439108455882352, -0.24609375, 7.722742417279411]"
1657041754775,0x591,000000000000A384,1,[41.86]
1657041754775,0x5A1,0000000000000000,3,"[0, 0, 0]"
1657041754776,0x5B1,1A01072E0000E57E,4,"[1.0208720533557, 1838, 0.0, 0.40545176726452964]"
1657041754776,0x5C1,00000000000B354E,1,[0.7345419999999999]
1657041754776,0x5D1,00000313000002C6,2,"[0.0007869999999999999, 0.00071]"
1657041754776,0x440,02030000000006D4,5,"[76.80000000000001, 0.0, 0, 6, 212]"
1657041754776,0x240,0000000000000E02,2,"[14, [0, 1, 0, 0, 0, 0, 0, 0]]"
1657041754776,0x201,0000000000000000,2,"[0.0, 0.0]"
1657041754776,0x082,000000000000000F,1,[15]
1657041754776,0x088,000000000000000B,1,[0.11]
1657041754778,0x041,0000000000000003,1,[3]
1657041754782,0x0A0,0000000000359143,1,[3.510595]
1657041754792,0x703,0000000000000000,2,"[0.0, 0.0]"
1657041754795,0x232,00000000FFFFFFE3,1,[-0.29]
1657041754796,0x410,069F3297FFCE4708,2,"[1110.9647100000002, -90.51711111183525]"
1657041754797,0x251,0000000000000000,3,"[0, [0, 0, 0, 0, 0, 0, 0, 0], 0.0]"
1657041754797,0x201,0000000000000000,2,"[0.0, 0.0]"
1657041754798,0x471,000000000000000C,1,[12]
1657041754832,0x703,0000000000000000,2,"[0.0, 0.0]"
1657041754845,0x041,0000000000000003,1,[3]
1657041754847,0x262,0000000000000001,1,"[[1, 0, 0, 0, 0, 0, 0, 0]]"
1657041754848,0x462,0000000000001000,2,"[16, [0, 0, 0, 0, 0, 0, 0, 0]]"
1657041754848,0x250,0000000000000000,2,"[0, 0]"
1657041754870,0x260,0000000000000000,1,[0]
1657041754870,0x471,000000000000000C,1,[12]
1657041754870,0x701,0000000000000000,5,"[[0, 0, 0, 0, 0, 0, 0, 0, 0, 0, 0, 0, 0, 0, 0, 0], [0, 0, 0, 0, 0, 0, 0, 0, 0, 0, 0, 0, 0, 0, 0, 0], 0, 0, 0]"
1657041754871,0x702,0000000042E08505,2,"[0.0, 112.25980377197266]"
1657041754872,0x703,0000000000000000,2,"[0.0, 0.0]"
1657041754873,0x704,0000000000000000,2,"[0.0, 0.0]"
1657041754874,0x705,BDC737FFBC99137F,2,"[-0.0972747728228569, -0.01868605427443981]"
1657041754875,0x706,0000000000000000,2,"[0.0, 0.0]"
1657041754876,0x707,0000000000000000,2,"[0.0, 0.0]"
1657041754881,0x088,000000000000000B,1,[0.11]
1657041754881,0x070,00000000003568BF,1,[3.5002229999999996]
1657041754883,0x717,0000000042C7FFFF,2,"[0.0, 99.99999237060547]"
1657041754893,0x301,0000000000000000,3,"[0, 0, 0]"
1657041754897,0x251,0000000000000000,3,"[0, [0, 0, 0, 0, 0, 0, 0, 0], 0.0]"
1657041754897,0x201,0000000000000000,2,"[0.0, 0.0]"
1657041754898,0x471,000000000000000C,1,[12]
1657041754903,0x232,00000000FFFFFFE3,1,[-0.29]
1657041754904,0x410,069F3274FFCE4708,2,"[1110.9643600000002, -90.51711111183525]"
1657041754912,0x703,0000000000000000,2,"[0.0, 0.0]"
1657041754912,0x041,0000000000000003,1,[3]
1657041754926,0x23F,0000000004A305EB,2,"[11.870000000000001, 15.15]"
1657041754926,0x035,000000000000000A,1,[10]
1657041754926,0x034,0000000000000020,1,"[[0, 0, 0, 0, 0, 0, 0, 0, 0, 0, 0, 0, 0, 0, 0, 0, 0, 0, 0, 0, 0, 0, 0, 0, 0, 0, 0, 0, 0, 1, 0, 0]]"
1657041754927,0x033,0000000000000000,1,"[[0, 0, 0, 0, 0, 0, 0, 0, 0, 0, 0, 0, 0, 0, 0, 0, 0, 0, 0, 0, 0, 0, 0, 0, 0, 0, 0, 0, 0, 0, 0, 0]]"
1657041754933,0x23C,0C9C0CA50D7E0C9D,4,"[32.28, 32.37, 34.54, 32.29]"
1657041754934,0x23D,0D470C5F0CA60CA7,4,"[33.99, 31.67, 32.38, 32.39]"
1657041754934,0x23E,0C7A0C5507A40A6B,4,"[31.94, 31.57, 19.56, 26.67]"
1657041754934,0x2F1,00000F6B0F690F6D,3,"[39.47, 39.45, 39.49]"
1657041754934,0x233,00000D940F0E0902,3,"[34.76, 38.54, 23.06]"
1657041754941,0x235,9D019CD59CD59CA9,4,"[4.0193, 4.0149, 4.0149, 4.0105]"
1657041754941,0x236,9C0F9C8A9C7C9C81,4,"[3.9951000000000003, 4.0074000000000005, 4.006, 4.0065]"
1657041754942,0x237,9D0C9CD19CD79CBB,4,"[4.0204, 4.0145, 4.0151, 4.0123]"
1657041754963,0x238,9C679CD69CBA9D08,4,"[4.0039, 4.015000000000001, 4.0122, 4.0200000000000005]"
1657041754964,0x239,9D0E9CF19CD89C3C,4,"[4.0206, 4.0177000000000005, 4.0152, 3.9996]"
1657041754964,0x23A,9CF29CDC9CBE9CF7,4,"[4.0178, 4.0156, 4.0126, 4.0183]"
1657041754964,0x23B,9CDE9CD39CB79CEF,4,"[4.0158000000000005, 4.0147, 4.0119, 4.0175]"
1657041754964,0x230,0000000000112545,1,[112.3653]
1657041754964,0x234,00009CC29D0E9C0F,3,"[4.013, 4.0206, 3.9951000000000003]"
1657041754964,0x300,0000000000000000,1,"[[0, 0, 0, 0, 0, 0, 0, 0, 0, 0, 0, 0, 0, 0, 0, 0]]"
1657041754964,0x440,02030400000006C4,5,"[77.2, 0.0, 0, 6, 196]"
1657041754964,0x240,0000000000000E02,2,"[14, [0, 1, 0, 0, 0, 0, 0, 0]]"
1657041754964,0x201,0000000000000000,2,"[0.0, 0.0]"
1657041754964,0x082,000000000000000F,1,[15]
1657041754964,0x462,0000000000001000,2,"[16, [0, 0, 0, 0, 0, 0, 0, 0]]"
1657041754965,0x250,0000000000000000,2,"[0, 0]"
1657041754965,0x260,0000000000000000,1,[0]
1657041754965,0x471,000000000000000C,1,[12]
1657041754965,0x703,0000000000000000,2,"[0.0, 0.0]"
1657041754978,0x041,0000000000000003,1,[3]
1657041754989,0x088,000000000000000B,1,[0.11]
1657041754992,0x703,0000000000000000,2,"[0.0, 0.0]"
1657041754996,0x401,0000000000000000,1,"[[0, 0, 0, 0, 0, 0, 0, 0, 0, 0, 0, 0, 0, 0, 0, 0, 0, 0, 0, 0, 0, 0, 0, 0, 0, 0, 0, 0, 0, 0, 0, 0]]"
1657041754997,0x400,0000000000000000,1,"[[0, 0, 0, 0, 0, 0, 0, 0]]"
1657041754997,0x251,0000000000000000,3,"[0, [0, 0, 0, 0, 0, 0, 0, 0], 0.0]"
1657041754997,0x201,0000000000000000,2,"[0.0, 0.0]"
1657041754998,0x471,000000000000000C,1,[12]
1657041755000,0x0B3,0000000010632D88,2,"[4195, 11656]"
1657041755001,0x4B0,0000000000000001,1,"[[1, 0, 0, 0, 0, 0, 0, 0]]"
1657041755013,0x232,00000000FFFFFFE4,1,[-0.28]
1657041755014,0x410,069F3252FFCFFE0C,2,"[1110.9640200000001, -87.39522222292139]"
1657041755014,0x030,0000000000391353,1,[3.740499]
1657041755032,0x703,0000000000000000,2,"[0.0, 0.0]"
1657041755045,0x041,0000000000000003,1,[3]
1657041755047,0x262,0000000000000001,1,"[[1, 0, 0, 0, 0, 0, 0, 0]]"
1657041755069,0x462,0000000000001000,2,"[16, [0, 0, 0, 0, 0, 0, 0, 0]]"
1657041755069,0x260,0000000000000000,1,[0]
1657041755070,0x250,0000000000000000,2,"[0, 0]"
1657041755070,0x471,000000000000000C,1,[12]
1657041755070,0x701,0000000000000000,5,"[[0, 0, 0, 0, 0, 0, 0, 0, 0, 0, 0, 0, 0, 0, 0, 0], [0, 0, 0, 0, 0, 0, 0, 0, 0, 0, 0, 0, 0, 0, 0, 0], 0, 0, 0]"
1657041755071,0x702,0000000042E089D7,2,"[0.0, 112.26921844482422]"
1657041755072,0x703,0000000000000000,2,"[0.0, 0.0]"
1657041755073,0x704,0000000000000000,2,"[0.0, 0.0]"
1657041755074,0x705,BDD4287FBD73E57F,2,"[-0.10359286516904831, -0.059545036405324936]"
1657041755075,0x706,0000000000000000,2,"[0.0, 0.0]"
1657041755076,0x707,0000000000000000,2,"[0.0, 0.0]"
1657041755083,0x717,0000000042C7FFFF,2,"[0.0, 99.99999237060547]"
1657041755097,0x088,000000000000000B,1,[0.11]
1657041755097,0x251,0000000000000000,3,"[0, [0, 0, 0, 0, 0, 0, 0, 0], 0.0]"
1657041755097,0x201,0000000000000000,2,"[0.0, 0.0]"
1657041755098,0x471,000000000000000C,1,[12]
1657041755112,0x703,0000000000000000,2,"[0.0, 0.0]"
1657041755112,0x041,0000000000000003,1,[3]
1657041755122,0x232,00000000FFFFFFE4,1,[-0.28]
1657041755122,0x410,069F3230FFCFFE0C,2,"[1110.96368, -87.39522222292139]"
1657041755126,0x23F,0000000004A305E9,2,"[11.870000000000001, 15.13]"
1657041755126,0x035,000000000000000A,1,[10]
1657041755126,0x034,0000000000000020,1,"[[0, 0, 0, 0, 0, 0, 0, 0, 0, 0, 0, 0, 0, 0, 0, 0, 0, 0, 0, 0, 0, 0, 0, 0, 0, 0, 0, 0, 0, 1, 0, 0]]"
1657041755127,0x033,0000000000000000,1,"[[0, 0, 0, 0, 0, 0, 0, 0, 0, 0, 0, 0, 0, 0, 0, 0, 0, 0, 0, 0, 0, 0, 0, 0, 0, 0, 0, 0, 0, 0, 0, 0]]"
1657041755131,0x075,0000000000002300,2,"[3.5, 0.0]"
1657041755133,0x23C,0C9C0CA50D7F0C9D,4,"[32.28, 32.37, 34.550000000000004, 32.29]"
1657041755134,0x23D,0D470C5F0CA70CA7,4,"[33.99, 31.67, 32.39, 32.39]"
1657041755134,0x23E,0C7A0C5507A40A68,4,"[31.94, 31.57, 19.56, 26.64]"
1657041755134,0x2F1,00000F650F640F71,3,"[39.410000000000004, 39.4, 39.53]"
1657041755135,0x233,00000D940F0F0902,3,"[34.76, 38.550000000000004, 23.06]"
1657041755141,0x235,9CFF9CD59CD89CA8,4,"[4.0191, 4.0149, 4.0152, 4.010400000000001]"
1657041755141,0x236,9C109C899C7D9C82,4,"[3.9952, 4.0073, 4.0061, 4.006600000000001]"
1657041755163,0x237,9D0E9CD29CD79CBF,4,"[4.0206, 4.014600000000001, 4.0151, 4.012700000000001]"
1657041755163,0x238,9C679CD79CB99D07,4,"[4.0039, 4.0151, 4.0121, 4.0199]"
1657041755163,0x239,9D0F9CEF9CD69C3C,4,"[4.020700000000001, 4.0175, 4.015000000000001, 3.9996]"
1657041755163,0x23A,9CF39CDC9CBC9CF6,4,"[4.0179, 4.0156, 4.0124, 4.0182]"
1657041755163,0x23B,9CDD9CD49CB79CEE,4,"[4.0157, 4.0148, 4.0119, 4.0174]"
1657041755164,0x230,0000000000112547,1,[112.36550000000001]
1657041755164,0x234,00009CC29D0F9C10,3,"[4.013, 4.020700000000001, 3.9952]"
1657041755164,0x301,0000000000000000,3,"[0, 0, 0]"
1657041755164,0x300,0000000000000000,1,"[[0, 0, 0, 0, 0, 0, 0, 0, 0, 0, 0, 0, 0, 0, 0, 0]]"
1657041755164,0x462,0000000000001000,2,"[16, [0, 0, 0, 0, 0, 0, 0, 0]]"
1657041755164,0x260,0000000000000000,1,[0]
1657041755164,0x250,0000000000000000,2,"[0, 0]"
1657041755164,0x471,000000000000000C,1,[12]
1657041755164,0x703,0000000000000000,2,"[0.0, 0.0]"
1657041755171,0x440,02030000000006D8,5,"[76.80000000000001, 0.0, 0, 6, 216]"
1657041755171,0x240,0000000000000E02,2,"[14, [0, 1, 0, 0, 0, 0, 0, 0]]"
1657041755171,0x201,0000000000000000,2,"[0.0, 0.0]"
1657041755172,0x082,000000000000000F,1,[15]
1657041755178,0x041,0000000000000003,1,[3]
1657041755192,0x703,0000000000000000,2,"[0.0, 0.0]"
1657041755197,0x251,0000000000000000,3,"[0, [0, 0, 0, 0, 0, 0, 0, 0], 0.0]"
1657041755197,0x201,0000000000000000,2,"[0.0, 0.0]"
1657041755198,0x471,000000000000000C,1,[12]
1657041755205,0x088,000000000000000B,1,[0.11]
1657041755232,0x703,0000000000000000,2,"[0.0, 0.0]"
1657041755232,0x232,00000000FFFFFFE3,1,[-0.29]
1657041755232,0x410,069F320CFFCE4719,2,"[1110.96332, -90.51663888961302]"
1657041755245,0x041,0000000000000003,1,[3]
1657041755246,0x040,000000000035680A,1,[3.5000419999999997]
1657041755247,0x050,000000000035688C,1,[3.500172]
1657041755247,0x400,0000000000000000,1,"[[0, 0, 0, 0, 0, 0, 0, 0]]"
1657041755247,0x080,000000000035682F,1,[3.500079]
1657041755306,0x262,0000000000000001,1,"[[1, 0, 0, 0, 0, 0, 0, 0]]"
1657041755306,0x462,0000000000001000,2,"[16, [0, 0, 0, 0, 0, 0, 0, 0]]"
1657041755306,0x260,0000000000000000,1,[0]
1657041755307,0x250,0000000000000000,2,"[0, 0]"
1657041755307,0x471,000000000000000C,1,[12]
1657041755307,0x560,0000000000000000,2,"[0.0, 0.0]"
1657041755307,0x570,0000000000000000,2,"[0.0, 0.0]"
1657041755307,0x580,0002008FFFFC00B5,4,"[0.0703125, 0.5134133731617647, -0.140625, 0.6498448988970588]"
1657041755307,0x590,000000000000A190,1,[41.36]
1657041755307,0x5A0,0000000000000000,3,"[0, 0, 0]"
1657041755307,0x5B0,1C9100760000E43E,4,"[1.1214717329413, 118, 0.0, 0.40324334912793985]"
1657041755307,0x5C0,00000000000B350F,1,[0.734479]
1657041755307,0x5D0,00000317000002C6,2,"[0.0007909999999999999, 0.00071]"
1657041755307,0x561,0000000000000000,2,"[0.0, 0.0]"
1657041755307,0x571,0000000000000000,2,"[0.0, 0.0]"
1657041755308,0x581,00090818FFFB0866,4,"[0.31640625, 7.439108455882352, -0.17578125, 7.719152113970588]"
1657041755308,0x591,000000000000A366,1,[41.83]
1657041755308,0x5A1,0000000000000000,3,"[0, 0, 0]"
1657041755308,0x5B1,1E2107300000E58E,4,"[1.1828130009813, 1840, 0.0, 0.4055621881713591]"
1657041755308,0x5C1,00000000000B354E,1,[0.7345419999999999]
1657041755308,0x5D1,00000313000002C6,2,"[0.0007869999999999999, 0.00071]"
1657041755308,0x701,0000000000000000,5,"[[0, 0, 0, 0, 0, 0, 0, 0, 0, 0, 0, 0, 0, 0, 0, 0], [0, 0, 0, 0, 0, 0, 0, 0, 0, 0, 0, 0, 0, 0, 0, 0], 0, 0, 0]"
1657041755308,0x702,0000000042E08C02,2,"[0.0, 112.27345275878906]"
1657041755308,0x703,0000000000000000,2,"[0.0, 0.0]"
1657041755308,0x704,0000000000000000,2,"[0.0, 0.0]"
1657041755308,0x705,BDC8513FBD603E3F,2,"[-0.09781121462583542, -0.05474686250090599]"
1657041755309,0x706,0000000000000000,2,"[0.0, 0.0]"
1657041755309,0x707,0000000000000000,2,"[0.0, 0.0]"
1657041755309,0x4A0,00000000000004F0,2,"[0, 1264]"
1657041755309,0x4A1,000000220FDB13BB,4,"[87.19, 0.858823529313, 1.9000000000000001, 18.7]"
1657041755309,0x717,0000000042C7FFFF,2,"[0.0, 99.99999237060547]"
1657041755309,0x251,0000000000000000,3,"[0, [0, 0, 0, 0, 0, 0, 0, 0], 0.0]"
1657041755337,0x201,0000000000000000,2,"[0.0, 0.0]"
1657041755337,0x471,000000000000000C,1,[12]
1657041755338,0x703,0000000000000000,2,"[0.0, 0.0]"
1657041755338,0x041,0000000000000003,1,[3]
1657041755338,0x088,000000000000000B,1,[0.11]
1657041755338,0x23F,0000000004A505EC,2,"[11.89, 15.16]"
1657041755338,0x035,000000000000000A,1,[10]
1657041755338,0x034,0000000000000020,1,"[[0, 0, 0, 0, 0, 0, 0, 0, 0, 0, 0, 0, 0, 0, 0, 0, 0, 0, 0, 0, 0, 0, 0, 0, 0, 0, 0, 0, 0, 1, 0, 0]]"
1657041755338,0x033,0000000000000000,1,"[[0, 0, 0, 0, 0, 0, 0, 0, 0, 0, 0, 0, 0, 0, 0, 0, 0, 0, 0, 0, 0, 0, 0, 0, 0, 0, 0, 0, 0, 0, 0, 0]]"
1657041755338,0x23C,0C9C0CA50D7F0C9C,4,"[32.28, 32.37, 34.550000000000004, 32.28]"
1657041755338,0x23D,0D470C5F0CA70CA7,4,"[33.99, 31.67, 32.39, 32.39]"
1657041755338,0x23E,0C7A0C5407A40A6B,4,"[31.94, 31.560000000000002, 19.56, 26.67]"
1657041755338,0x2F1,00000F650F6E0F72,3,"[39.410000000000004, 39.5, 39.54]"
1657041755338,0x233,00000D940F0F0902,3,"[34.76, 38.550000000000004, 23.06]"
1657041755341,0x235,9CFF9CD49CD69CA8,4,"[4.0191, 4.0148, 4.015000000000001, 4.010400000000001]"
1657041755341,0x236,9C109C889C7D9C83,4,"[3.9952, 4.0072, 4.0061, 4.0067]"
1657041755342,0x237,9D0E9CD09CD89CBA,4,"[4.0206, 4.0144, 4.0152, 4.0122]"
1657041755342,0x238,9C669CD69CBA9D08,4,"[4.0038, 4.015000000000001, 4.0122, 4.0200000000000005]"
1657041755342,0x239,9D0E9CF09CD69C3C,4,"[4.0206, 4.0176, 4.015000000000001, 3.9996]"
1657041755342,0x23A,9CF29CDB9CBC9CF6,4,"[4.0178, 4.0155, 4.0124, 4.0182]"
1657041755342,0x23B,9CDD9CD39CB79CEE,4,"[4.0157, 4.0147, 4.0119, 4.0174]"
1657041755343,0x230,000000000011253B,1,[112.3643]
1657041755343,0x234,00009CC29D0E9C10,3,"[4.013, 4.0206, 3.9952]"
1657041755343,0x232,00000000FFFFFFE3,1,[-0.29]
1657041755343,0x410,069F31E9FFCE473C,2,"[1110.96297, -90.51566666739079]"
1657041755347,0x300,0000000000000000,1,"[[0, 0, 0, 0, 0, 0, 0, 0, 0, 0, 0, 0, 0, 0, 0, 0]]"
1657041755348,0x462,0000000000001000,2,"[16, [0, 0, 0, 0, 0, 0, 0, 0]]"
1657041755348,0x260,0000000000000000,1,[0]
1657041755348,0x250,0000000000000000,2,"[0, 0]"
1657041755348,0x471,000000000000000C,1,[12]
1657041755352,0x703,0000000000000000,2,"[0.0, 0.0]"
1657041755371,0x440,02030000000006B4,5,"[76.80000000000001, 0.0, 0, 6, 180]"
1657041755393,0x240,0000000000000E02,2,"[14, [0, 1, 0, 0, 0, 0, 0, 0]]"
1657041755394,0x201,0000000000000000,2,"[0.0, 0.0]"
1657041755394,0x082,000000000000000F,1,[15]
1657041755394,0x041,0000000000000003,1,[3]
1657041755394,0x072,0000000000000004,1,[4]
1657041755394,0x074,0000000000000000,3,"[0.0, 0.0, 0.0]"
1657041755394,0x703,0000000000000000,2,"[0.0, 0.0]"
1657041755394,0x301,0000000000000000,3,"[0, 0, 0]"
1657041755397,0x251,0000000000000000,3,"[0, [0, 0, 0, 0, 0, 0, 0, 0], 0.0]"
1657041755397,0x201,0000000000000000,2,"[0.0, 0.0]"
1657041755398,0x471,000000000000000C,1,[12]
1657041755421,0x088,000000000000000B,1,[0.11]
1657041755432,0x703,0000000000000000,2,"[0.0, 0.0]"
1657041755445,0x041,0000000000000003,1,[3]
1657041755447,0x262,0000000000000001,1,"[[1, 0, 0, 0, 0, 0, 0, 0]]"
1657041755448,0x462,0000000000001000,2,"[16, [0, 0, 0, 0, 0, 0, 0, 0]]"
1657041755448,0x260,0000000000000000,1,[0]
1657041755448,0x250,0000000000000000,2,"[0, 0]"
1657041755448,0x471,000000000000000C,1,[12]
1657041755449,0x232,00000000FFFFFFE3,1,[-0.29]
1657041755450,0x410,069F31C7FFCE473C,2,"[1110.96263, -90.51566666739079]"
1657041755469,0x700,00000E6D00004003,2,"[3693, 16387]"
1657041755470,0x701,0000000000000000,5,"[[0, 0, 0, 0, 0, 0, 0, 0, 0, 0, 0, 0, 0, 0, 0, 0], [0, 0, 0, 0, 0, 0, 0, 0, 0, 0, 0, 0, 0, 0, 0, 0], 0, 0, 0]"
1657041755471,0x702,0000000042E08C87,2,"[0.0, 112.27446746826172]"
1657041755472,0x703,0000000000000000,2,"[0.0, 0.0]"
1657041755473,0x704,0000000000000000,2,"[0.0, 0.0]"
1657041755474,0x705,BDB47B1FBD759AFF,2,"[-0.08812545984983444, -0.05996226891875267]"
1657041755475,0x706,0000000000000000,2,"[0.0, 0.0]"
1657041755476,0x707,0000000000000000,2,"[0.0, 0.0]"
1657041755477,0x708,4169899C38D3E000,2,"[14.59609603881836, 0.00010102987289428711]"
1657041755478,0x709,404FB1983FE817BB,2,"[3.2452144622802734, 1.813224196434021]"
1657041755479,0x70B,422E2DF2409C0840,2,"[43.54486846923828, 4.876007080078125]"
1657041755501,0x70C,00000000424A7CF8,2,"[0.0, 50.622039794921875]"
1657041755501,0x70D,0000000044B705F3,2,"[0.0, 1464.1859130859375]"
1657041755501,0x70E,000000003D12693C,2,"[0.0, 0.035744890570640564]"
1657041755501,0x717,0000000042C7FFFF,2,"[0.0, 99.99999237060547]"
1657041755501,0x400,0000000000000000,1,"[[0, 0, 0, 0, 0, 0, 0, 0]]"
1657041755501,0x251,0000000000000000,3,"[0, [0, 0, 0, 0, 0, 0, 0, 0], 0.0]"
1657041755501,0x201,0000000000000000,2,"[0.0, 0.0]"
1657041755501,0x471,000000000000000C,1,[12]
1657041755512,0x703,0000000000000000,2,"[0.0, 0.0]"
1657041755512,0x041,0000000000000003,1,[3]
1657041755525,0x2F0,005D0B710F2E12F9,4,"[93, 2929, 3886, 4857]"
1657041755526,0x23F,0000000004A305EB,2,"[11.870000000000001, 15.15]"
1657041755526,0x035,000000000000000A,1,[10]
1657041755527,0x034,0000000000000020,1,"[[0, 0, 0, 0, 0, 0, 0, 0, 0, 0, 0, 0, 0, 0, 0, 0, 0, 0, 0, 0, 0, 0, 0, 0, 0, 0, 0, 0, 0, 1, 0, 0]]"
1657041755527,0x033,0000000000000000,1,"[[0, 0, 0, 0, 0, 0, 0, 0, 0, 0, 0, 0, 0, 0, 0, 0, 0, 0, 0, 0, 0, 0, 0, 0, 0, 0, 0, 0, 0, 0, 0, 0]]"
1657041755529,0x088,000000000000000B,1,[0.11]
1657041755533,0x23C,0C9C0CA50D7F0C9C,4,"[32.28, 32.37, 34.550000000000004, 32.28]"
1657041755534,0x23D,0D470C5F0CA70CA7,4,"[33.99, 31.67, 32.39, 32.39]"
1657041755534,0x23E,0C7A0C5407A40A6B,4,"[31.94, 31.560000000000002, 19.56, 26.67]"
1657041755534,0x2F1,00000F680F6A0F72,3,"[39.44, 39.46, 39.54]"
1657041755535,0x233,00000D940F0F0902,3,"[34.76, 38.550000000000004, 23.06]"
1657041755541,0x235,9D029CD49CD99CAA,4,"[4.0194, 4.0148, 4.0153, 4.0106]"
1657041755541,0x236,9C119C8B9C7E9C83,4,"[3.9953000000000003, 4.0075, 4.0062, 4.0067]"
1657041755542,0x237,9D0E9CD19CD99CB8,4,"[4.0206, 4.0145, 4.0153, 4.0120000000000005]"
1657041755542,0x238,9C679CD79CBB9D09,4,"[4.0039, 4.0151, 4.0123, 4.0201]"
1657041755542,0x239,9D109CF29CD79C3E,4,"[4.0208, 4.0178, 4.0151, 3.9998]"
1657041755542,0x23A,9CF49CDC9CBF9CF9,4,"[4.018, 4.0156, 4.012700000000001, 4.0185]"
1657041755543,0x23B,9CDF9CD69CB79CEF,4,"[4.0159, 4.015000000000001, 4.0119, 4.0175]"
1657041755543,0x230,0000000000112562,1,[112.3682]
1657041755543,0x234,00009CC39D109C11,3,"[4.0131000000000006, 4.0208, 3.9953000000000003]"
1657041755547,0x300,0000000000000000,1,"[[0, 0, 0, 0, 0, 0, 0, 0, 0, 0, 0, 0, 0, 0, 0, 0]]"
1657041755548,0x462,0000000000001000,2,"[16, [0, 0, 0, 0, 0, 0, 0, 0]]"
1657041755569,0x260,0000000000000000,1,[0]
1657041755570,0x250,0000000000000000,2,"[0, 0]"
1657041755570,0x471,000000000000000C,1,[12]
1657041755570,0x703,0000000000000000,2,"[0.0, 0.0]"
1657041755570,0x232,00000000FFFFFFE3,1,[-0.29]
1657041755570,0x410,069F31A3FFCE46CB,2,"[1110.96227, -90.5188055562797]"
1657041755574,0x440,02030300000006B6,5,"[77.10000000000001, 0.0, 0, 6, 182]"
1657041755574,0x240,0000000000000E02,2,"[14, [0, 1, 0, 0, 0, 0, 0, 0]]"
1657041755574,0x201,0000000000000000,2,"[0.0, 0.0]"
1657041755574,0x082,000000000000000F,1,[15]
1657041755578,0x041,0000000000000003,1,[3]
1657041755592,0x703,0000000000000000,2,"[0.0, 0.0]"
1657041755597,0x251,0000000000000000,3,"[0, [0, 0, 0, 0, 0, 0, 0, 0], 0.0]"
1657041755597,0x201,0000000000000000,2,"[0.0, 0.0]"
1657041755598,0x471,000000000000000C,1,[12]
1657041755632,0x703,0000000000000000,2,"[0.0, 0.0]"
1657041755637,0x088,000000000000000B,1,[0.11]
1657041755643,0x301,0000000000000000,3,"[0, 0, 0]"
1657041755645,0x041,0000000000000003,1,[3]
1657041755647,0x401,0000000000000000,1,"[[0, 0, 0, 0, 0, 0, 0, 0, 0, 0, 0, 0, 0, 0, 0, 0, 0, 0, 0, 0, 0, 0, 0, 0, 0, 0, 0, 0, 0, 0, 0, 0]]"
1657041755648,0x262,0000000000000001,1,"[[1, 0, 0, 0, 0, 0, 0, 0]]"
1657041755648,0x462,0000000000001000,2,"[16, [0, 0, 0, 0, 0, 0, 0, 0]]"
1657041755648,0x260,0000000000000000,1,[0]
1657041755648,0x250,0000000000000000,2,"[0, 0]"
1657041755648,0x471,000000000000000C,1,[12]
1657041755668,0x232,00000000FFFFFFE3,1,[-0.29]
1657041755668,0x410,069F3180FFCE46CB,2,"[1110.9619200000002, -90.5188055562797]"
1657041755670,0x701,0000000000000000,5,"[[0, 0, 0, 0, 0, 0, 0, 0, 0, 0, 0, 0, 0, 0, 0, 0], [0, 0, 0, 0, 0, 0, 0, 0, 0, 0, 0, 0, 0, 0, 0, 0], 0, 0, 0]"
1657041755671,0x702,0000000042E08DA8,2,"[0.0, 112.27667236328125]"
1657041755672,0x703,0000000000000000,2,"[0.0, 0.0]"
1657041755673,0x704,0000000000000000,2,"[0.0, 0.0]"
1657041755674,0x705,BDB92E3FBDA3A29F,2,"[-0.09042023867368698, -0.07990001887083054]"
1657041755696,0x706,0000000000000000,2,"[0.0, 0.0]"
1657041755696,0x707,0000000000000000,2,"[0.0, 0.0]"
1657041755696,0x717,0000000042C7FFFF,2,"[0.0, 99.99999237060547]"
1657041755697,0x251,0000000000000000,3,"[0, [0, 0, 0, 0, 0, 0, 0, 0], 0.0]"
1657041755697,0x201,0000000000000000,2,"[0.0, 0.0]"
1657041755698,0x471,000000000000000C,1,[12]
1657041755712,0x703,0000000000000000,2,"[0.0, 0.0]"
1657041755712,0x041,0000000000000003,1,[3]
1657041755726,0x23F,0000000004A305EC,2,"[11.870000000000001, 15.16]"
1657041755727,0x035,000000000000000A,1,[10]
1657041755727,0x034,0000000000000020,1,"[[0, 0, 0, 0, 0, 0, 0, 0, 0, 0, 0, 0, 0, 0, 0, 0, 0, 0, 0, 0, 0, 0, 0, 0, 0, 0, 0, 0, 0, 1, 0, 0]]"
1657041755727,0x033,0000000000000000,1,"[[0, 0, 0, 0, 0, 0, 0, 0, 0, 0, 0, 0, 0, 0, 0, 0, 0, 0, 0, 0, 0, 0, 0, 0, 0, 0, 0, 0, 0, 0, 0, 0]]"
1657041755733,0x23C,0C9B0CA50D7F0C9B,4,"[32.27, 32.37, 34.550000000000004, 32.27]"
1657041755734,0x23D,0D470C5F0CA60CA8,4,"[33.99, 31.67, 32.38, 32.4]"
1657041755734,0x23E,0C7A0C5407A40A6C,4,"[31.94, 31.560000000000002, 19.56, 26.68]"
1657041755734,0x2F1,00000F680F700F71,3,"[39.44, 39.52, 39.53]"
1657041755735,0x233,00000D940F0F0902,3,"[34.76, 38.550000000000004, 23.06]"
1657041755741,0x235,9D019CD69CD79CA9,4,"[4.0193, 4.015000000000001, 4.0151, 4.0105]"
1657041755741,0x236,9C109C8A9C7D9C83,4,"[3.9952, 4.0074000000000005, 4.0061, 4.0067]"
1657041755742,0x237,9D0F9CD29CD89CB9,4,"[4.020700000000001, 4.014600000000001, 4.0152, 4.0121]"
1657041755742,0x238,9C669CD69CBB9D08,4,"[4.0038, 4.015000000000001, 4.0123, 4.0200000000000005]"
1657041755742,0x239,9D109CF19CD69C3D,4,"[4.0208, 4.0177000000000005, 4.015000000000001, 3.9997000000000003]"
1657041755742,0x23A,9CF39CDB9CBD9CF7,4,"[4.0179, 4.0155, 4.0125, 4.0183]"
1657041755743,0x23B,9CDE9CD39CB89CF0,4,"[4.0158000000000005, 4.0147, 4.0120000000000005, 4.0176]"
1657041755743,0x230,0000000000112551,1,[112.3665]
1657041755743,0x234,00009CC29D109C10,3,"[4.013, 4.0208, 3.9952]"
1657041755745,0x088,000000000000000B,1,[0.11]
1657041755746,0x050,00000000003D09B9,1,[4.000185]
1657041755747,0x400,0000000000000000,1,"[[0, 0, 0, 0, 0, 0, 0, 0]]"
1657041755747,0x300,0000000000000000,1,"[[0, 0, 0, 0, 0, 0, 0, 0, 0, 0, 0, 0, 0, 0, 0, 0]]"
1657041755748,0x462,0000000000001000,2,"[16, [0, 0, 0, 0, 0, 0, 0, 0]]"
1657041755748,0x260,0000000000000000,1,[0]
1657041755770,0x250,0000000000000000,2,"[0, 0]"
1657041755770,0x471,000000000000000C,1,[12]
1657041755770,0x060,00000000000B374C,1,[0.7350519999999999]
1657041755770,0x703,0000000000000000,2,"[0.0, 0.0]"
1657041755770,0x061,00000000000B3869,1,[0.735337]
1657041755770,0x560,0000000000000000,2,"[0.0, 0.0]"
1657041755770,0x570,0000000000000000,2,"[0.0, 0.0]"
1657041755770,0x580,0001008EFFFE00B7,4,"[0.03515625, 0.5098230698529411, -0.0703125, 0.6570255055147058]"
1657041755771,0x590,000000000000A172,1,[41.33]
1657041755771,0x5A0,0000000000000000,3,"[0, 0, 0]"
1657041755771,0x5B0,1B7100760000E44E,4,"[1.0773060199525, 118, 0.0, 0.40335377003476935]"
1657041755771,0x5C0,00000000000B374C,1,[0.7350519999999999]
1657041755771,0x5D0,0000030E000002C6,2,"[0.0007819999999999999, 0.00071]"
1657041755771,0x561,0000000000000000,2,"[0.0, 0.0]"
1657041755771,0x571,0000000000000000,2,"[0.0, 0.0]"
1657041755771,0x581,00080817FFF90866,4,"[0.28125, 7.435518152573529, -0.24609375, 7.719152113970588]"
1657041755771,0x591,000000000000A384,1,[41.86]
1657041755771,0x5A1,0000000000000000,3,"[0, 0, 0]"
1657041755771,0x5B1,17E107320000E58E,4,"[0.9374479288213, 1842, 0.0, 0.4055621881713591]"
1657041755772,0x5C1,00000000000B3869,1,[0.735337]
1657041755772,0x075,0000000000002A00,2,"[4.2, 0.0]"
1657041755772,0x5D1,00000317000002C6,2,"[0.0007909999999999999, 0.00071]"
1657041755774,0x440,02030300000006BC,5,"[77.10000000000001, 0.0, 0, 6, 188]"
1657041755774,0x240,0000000000000E02,2,"[14, [0, 1, 0, 0, 0, 0, 0, 0]]"
1657041755774,0x201,0000000000000000,2,"[0.0, 0.0]"
1657041755774,0x082,000000000000000F,1,[15]
1657041755777,0x232,00000000FFFFFFE2,1,[-0.3]
1657041755778,0x410,069F315CFFCC900D,2,"[1110.9615600000002, -93.63875000074911]"
1657041755778,0x041,0000000000000003,1,[3]
1657041755783,0x0A0,000000000044D538,1,[4.511032]
1657041755792,0x703,0000000000000000,2,"[0.0, 0.0]"
1657041755797,0x251,0000000000000000,3,"[0, [0, 0, 0, 0, 0, 0, 0, 0], 0.0]"
1657041755819,0x201,0000000000000000,2,"[0.0, 0.0]"
1657041755819,0x471,000000000000000C,1,[12]
1657041755832,0x703,0000000000000000,2,"[0.0, 0.0]"
1657041755839,0x0B0,00000000003A9465,1,[3.8390769999999996]
1657041755845,0x041,0000000000000003,1,[3]
1657041755848,0x262,0000000000000001,1,"[[1, 0, 0, 0, 0, 0, 0, 0]]"
1657041755848,0x462,0000000000001000,2,"[16, [0, 0, 0, 0, 0, 0, 0, 0]]"
1657041755848,0x260,0000000000000000,1,[0]
1657041755848,0x250,0000000000000000,2,"[0, 0]"
1657041755848,0x471,000000000000000C,1,[12]
1657041755853,0x088,000000000000000B,1,[0.11]
1657041755870,0x701,0000000000000000,5,"[[0, 0, 0, 0, 0, 0, 0, 0, 0, 0, 0, 0, 0, 0, 0, 0], [0, 0, 0, 0, 0, 0, 0, 0, 0, 0, 0, 0, 0, 0, 0, 0], 0, 0, 0]"
1657041755871,0x702,0000000042E08C2D,2,"[0.0, 112.2737808227539]"
1657041755872,0x703,0000000000000000,2,"[0.0, 0.0]"
1657041755873,0x704,0000000000000000,2,"[0.0, 0.0]"
1657041755874,0x705,BDB96CBFBDB8D07F,2,"[-0.09053944796323776, -0.09024142473936081]"
1657041755875,0x706,0000000000000000,2,"[0.0, 0.0]"
1657041755876,0x707,0000000000000000,2,"[0.0, 0.0]"
1657041755882,0x070,000000000044AB1A,1,[4.500249999999999]
1657041755883,0x717,0000000042C7FFFF,2,"[0.0, 99.99999237060547]"
1657041755886,0x232,00000000FFFFFFE4,1,[-0.28]
1657041755886,0x410,069F3139FFCFFDEA,2,"[1110.9612100000002, -87.39616666736583]"
1657041755893,0x301,0000000000000000,3,"[0, 0, 0]"
1657041755897,0x251,0000000000000000,3,"[0, [0, 0, 0, 0, 0, 0, 0, 0], 0.0]"
1657041755897,0x201,0000000000000000,2,"[0.0, 0.0]"
1657041755898,0x471,000000000000000C,1,[12]
1657041755912,0x703,0000000000000000,2,"[0.0, 0.0]"
1657041755912,0x041,0000000000000003,1,[3]
1657041755926,0x23F,0000000004A505EB,2,"[11.89, 15.15]"
1657041755926,0x035,000000000000000A,1,[10]
1657041755927,0x034,0000000000000020,1,"[[0, 0, 0, 0, 0, 0, 0, 0, 0, 0, 0, 0, 0, 0, 0, 0, 0, 0, 0, 0, 0, 0, 0, 0, 0, 0, 0, 0, 0, 1, 0, 0]]"
1657041755927,0x033,0000000000000000,1,"[[0, 0, 0, 0, 0, 0, 0, 0, 0, 0, 0, 0, 0, 0, 0, 0, 0, 0, 0, 0, 0, 0, 0, 0, 0, 0, 0, 0, 0, 0, 0, 0]]"
1657041755948,0x23C,0C9C0CA50D800C9B,4,"[32.28, 32.37, 34.56, 32.27]"
1657041755949,0x23D,0D480C5F0CA60CA8,4,"[34.0, 31.67, 32.38, 32.4]"
1657041755949,0x23E,0C7A0C5407A40A6A,4,"[31.94, 31.560000000000002, 19.56, 26.66]"
1657041755949,0x2F1,00000F5C0F690F6E,3,"[39.32, 39.45, 39.5]"
1657041755949,0x233,00000D940F100902,3,"[34.76, 38.56, 23.06]"
1657041755949,0x235,9D019CD49CD89CA9,4,"[4.0193, 4.0148, 4.0152, 4.0105]"
1657041755949,0x236,9C129C899C7D9C82,4,"[3.9954, 4.0073, 4.0061, 4.006600000000001]"
1657041755949,0x237,9D0E9CD29CD89CBB,4,"[4.0206, 4.014600000000001, 4.0152, 4.0123]"
1657041755949,0x238,9C689CD69CBB9D07,4,"[4.0040000000000004, 4.015000000000001, 4.0123, 4.0199]"
1657041755949,0x239,9D109CF39CD79C3E,4,"[4.0208, 4.0179, 4.0151, 3.9998]"
1657041755949,0x23A,9CF39CDC9CBE9CF8,4,"[4.0179, 4.0156, 4.0126, 4.0184]"
1657041755949,0x23B,9CDD9CD39CB99CF1,4,"[4.0157, 4.0147, 4.0121, 4.0177000000000005]"
1657041755950,0x230,000000000011255A,1,[112.3674]
1657041755950,0x234,00009CC39D109C12,3,"[4.0131000000000006, 4.0208, 3.9954]"
1657041755950,0x300,0000000000000000,1,"[[0, 0, 0, 0, 0, 0, 0, 0, 0, 0, 0, 0, 0, 0, 0, 0]]"
1657041755950,0x462,0000000000001000,2,"[16, [0, 0, 0, 0, 0, 0, 0, 0]]"
1657041755950,0x260,0000000000000000,1,[0]
1657041755950,0x250,0000000000000000,2,"[0, 0]"
1657041755950,0x471,000000000000000C,1,[12]
1657041755952,0x703,0000000000000000,2,"[0.0, 0.0]"
1657041755961,0x088,000000000000000B,1,[0.11]
1657041755971,0x440,02000000000006B4,5,"[0.0, 0.0, 0, 6, 180]"
1657041755971,0x240,0000000000000E03,2,"[14, [1, 1, 0, 0, 0, 0, 0, 0]]"
1657041755972,0x201,0000000000000000,2,"[0.0, 0.0]"
1657041755972,0x082,000000000000000F,1,[15]
1657041755978,0x041,0000000000000003,1,[3]
1657041755992,0x703,0000000000000000,2,"[0.0, 0.0]"
1657041755996,0x232,00000000FFFFFFE0,1,[-0.32]
1657041755996,0x410,069F3115FFC92214,2,"[1110.9608500000002, -99.88211111191016]"
1657041755997,0x400,0000000000000000,1,"[[0, 0, 0, 0, 0, 0, 0, 0]]"
1657041755997,0x251,0000000000000000,3,"[0, [0, 0, 0, 0, 0, 0, 0, 0], 0.0]"
1657041755997,0x201,0000000000000000,2,"[0.0, 0.0]"
1657041756019,0x471,000000000000000C,1,[12]
1657041756019,0x030,000000000048559A,1,[4.740506]
1657041756019,0x0B3,0000000010C72DA6,2,"[4295, 11686]"
1657041756020,0x4B0,0000000000000001,1,"[[1, 0, 0, 0, 0, 0, 0, 0]]"
1657041756032,0x703,0000000000000000,2,"[0.0, 0.0]"
1657041756048,0x262,0000000000000001,1,"[[1, 0, 0, 0, 0, 0, 0, 0]]"
1657041756048,0x462,0000000000001000,2,"[16, [0, 0, 0, 0, 0, 0, 0, 0]]"
1657041756048,0x260,0000000000000000,1,[0]
1657041756048,0x250,0000000000000000,2,"[0, 0]"
1657041756048,0x471,000000000000000C,1,[12]
1657041756069,0x088,000000000000000B,1,[0.11]
1657041756070,0x701,0000000000000000,5,"[[0, 0, 0, 0, 0, 0, 0, 0, 0, 0, 0, 0, 0, 0, 0, 0], [0, 0, 0, 0, 0, 0, 0, 0, 0, 0, 0, 0, 0, 0, 0, 0], 0, 0, 0]"
1657041756071,0x702,0000000042E0B214,2,"[0.0, 112.34780883789062]"
1657041756072,0x703,0000000000000000,2,"[0.0, 0.0]"
1657041756073,0x704,0000000000000000,2,"[0.0, 0.0]"
1657041756074,0x705,BDBAB4DFBDA1DD7F,2,"[-0.09116529673337936, -0.07903575152158737]"
1657041756075,0x706,0000000000000000,2,"[0.0, 0.0]"
1657041756076,0x707,0000000000000000,2,"[0.0, 0.0]"
1657041756083,0x717,0000000042C7FFFF,2,"[0.0, 99.99999237060547]"
1657041756097,0x251,0000000000000000,3,"[0, [0, 0, 0, 0, 0, 0, 0, 0], 0.0]"
1657041756097,0x201,0000000000000000,2,"[0.0, 0.0]"
1657041756098,0x471,000000000000000C,1,[12]
1657041756104,0x232,00000000FFFFFFD0,1,[-0.48]
1657041756104,0x410,069F30DEFFADB31D,2,"[1110.9603000000002, -149.82319444564303]"
1657041756112,0x703,0000000000000000,2,"[0.0, 0.0]"
1657041756126,0x23F,0000000004A405EB,2,"[11.88, 15.15]"
1657041756126,0x035,0000000000000032,1,[50]
1657041756127,0x034,0000000000000020,1,"[[0, 0, 0, 0, 0, 0, 0, 0, 0, 0, 0, 0, 0, 0, 0, 0, 0, 0, 0, 0, 0, 0, 0, 0, 0, 0, 0, 0, 0, 1, 0, 0]]"
1657041756127,0x033,0000000000000001,1,"[[0, 0, 0, 0, 0, 0, 0, 0, 0, 0, 0, 0, 0, 0, 0, 0, 0, 0, 0, 0, 0, 0, 0, 0, 1, 0, 0, 0, 0, 0, 0, 0]]"
1657041756127,0x033,0000000000000001,1,"[[0, 0, 0, 0, 0, 0, 0, 0, 0, 0, 0, 0, 0, 0, 0, 0, 0, 0, 0, 0, 0, 0, 0, 0, 1, 0, 0, 0, 0, 0, 0, 0]]"
1657041756127,0x201,0000000000000000,2,"[0.0, 0.0]"
1657041756127,0x474,0000000000000000,2,"[0, 0]"
1657041756149,0x073,0000000000000032,1,[50]
1657041756149,0x073,0000000000000032,1,[50]
1657041756150,0x411,000000BD0000001F,2,"[189, 31]"
1657041756150,0x301,0000000000000000,3,"[0, 0, 0]"
1657041756150,0x300,0000000000000000,1,"[[0, 0, 0, 0, 0, 0, 0, 0, 0, 0, 0, 0, 0, 0, 0, 0]]"
1657041756150,0x250,0000000000000000,2,"[0, 0]"
1657041756150,0x471,000000000000000C,1,[12]
1657041756150,0x071,0000000000000003,1,[3]
1657041756151,0x033,0000000000000001,1,"[[0, 0, 0, 0, 0, 0, 0, 0, 0, 0, 0, 0, 0, 0, 0, 0, 0, 0, 0, 0, 0, 0, 0, 0, 1, 0, 0, 0, 0, 0, 0, 0]]"
1657041756151,0x073,0000000000000032,1,[50]
1657041756152,0x703,0000000000000000,2,"[0.0, 0.0]"
